KO,p_value,p_adj,xz_mean,fxz_mean,foldchange,direction,zs,rzs
K02806,0.006949372609511,0.0330294491078005,2.2178e-05,9.334528e-05,4.20891333754171,-1,2.13172513692291,-2.13172513692291
K02415,0.00116486323382875,0.0113211956581317,1.0172e-05,7.122648e-05,7.00220998820291,-1,2.53262512332187,-2.53262512332187
K03409,0.000842069807587049,0.00898898015913279,1.2332e-05,6.087248e-05,4.93614012325657,-1,2.61247296452743,-2.61247296452743
K00209,0.00220586405901552,0.0164628670077815,7.45e-06,5.054556e-05,6.7846389261745,-1,2.39848908776572,-2.39848908776572
K00302,0.0107925280339073,0.0424850448649632,1.1438e-05,4.951448e-05,4.32894561986361,-1,2.02873739525314,-2.02873739525314
K03562,0.0071435588676968,0.0330294491078005,1.112e-05,4.944412e-05,4.44641366906475,-1,2.13172513692291,-2.13172513692291
K04764,0.00881366398607778,0.0373997893509094,9.746e-06,4.74226e-05,4.86585265750051,-1,2.08137287640961,-2.08137287640961
K01147,0.00356476218545184,0.021847099385977,6.778e-06,4.607872e-05,6.79827677781056,-1,2.29301572952859,-2.29301572952859
K05988,0.00454717696097006,0.0251640515389661,7.7748e-06,4.259224e-05,5.47824252713896,-1,2.23887498490255,-2.23887498490255
K09774,0.00151222659004263,0.0134991373065147,5.152e-06,4.164764e-05,8.08378105590062,-1,2.47032228664212,-2.47032228664212
K06189,0.00890243258160883,0.0373997893509094,6.23e-06,3.976804e-05,6.38331300160514,-1,2.08137287640961,-2.08137287640961
K03732,0.00881366398607778,0.0373997893509094,6.524e-06,3.72298e-05,5.70659104843654,-1,2.08137287640961,-2.08137287640961
K07306,0.00124354129870022,0.0119527264650927,0.0001036196,1.65744e-05,6.2517858866686,1,2.51353692482595,2.51353692482595
K00813,0.00494537748957242,0.0271752318590147,5.7028e-06,3.60108e-05,6.31458231044399,-1,2.20899150391221,-2.20899150391221
K23349,0.00537473210617852,0.028960225009773,8.32022e-05,1.85084e-05,4.49537507293985,1,2.1840275321937,2.1840275321937
K07792,0.00356476218545184,0.021847099385977,5.4404e-06,3.272784e-05,6.01570472759356,-1,2.29301572952859,-2.29301572952859
K07115,0.00638959822663427,0.0314014594609561,3.5746e-06,3.07914e-05,8.61394281877693,-1,2.15194788167789,-2.15194788167789
K03720,0.00356476218545184,0.021847099385977,5.374e-06,2.89364e-05,5.38451804986974,-1,2.29301572952859,-2.29301572952859
K22451,0.0132625150888398,0.0492553673499023,4.902e-06,2.782612e-05,5.67648306813545,-1,1.96637449516598,-1.96637449516598
K12144,0.00890243258160883,0.0373997893509094,6.442e-06,2.632728e-05,4.08681775846011,-1,2.08137287640961,-2.08137287640961
K07323,0.0107925280339073,0.0424850448649632,3.666e-06,2.645056e-05,7.21510092744135,-1,2.02873739525314,-2.02873739525314
K03214,0.00356476218545184,0.021847099385977,5.522e-06,2.582416e-05,4.67659543643607,-1,2.29301572952859,-2.29301572952859
K21969,0.0104549226471039,0.0424850448649632,2.5072e-06,2.600608e-05,10.3725590299936,-1,2.02873739525314,-2.02873739525314
K05812,0.0104634973398284,0.0424850448649632,3.9932e-06,2.500652e-05,6.26227586897726,-1,2.02873739525314,-2.02873739525314
K00184,0.00102476947964371,0.0108650593133459,8.3667e-05,8.8648e-06,9.43811479108384,1,2.54700912162549,2.54700912162549
K07337,0.000589448865310934,0.00884060159988415,2.632e-06,2.485e-05,9.44148936170213,-1,2.61815739989778,-2.61815739989778
K09859,0.00638959822663427,0.0314014594609561,5.0862e-06,2.38276e-05,4.68475482678621,-1,2.15194788167789,-2.15194788167789
K13497,0.00210517451896762,0.0159397613286948,3.0226e-06,2.39476e-05,7.9228478793092,-1,2.41029190987612,-2.41029190987612
K02383,0.00820281296564281,0.0370073790493839,3.3504e-06,2.308972e-05,6.89163085004776,-1,2.08568265028747,-2.08568265028747
K11615,0.006949372609511,0.0330294491078005,5.2796e-05,1.2452e-05,4.23996145197559,1,2.13172513692291,2.13172513692291
K02394,0.00454717696097006,0.0251640515389661,2.478e-06,2.248024e-05,9.07192897497982,-1,2.23887498490255,-2.23887498490255
K06192,0.00638959822663427,0.0314014594609561,3.768e-06,2.212476e-05,5.87175159235669,-1,2.15194788167789,-2.15194788167789
K24040,0.00454717696097006,0.0251640515389661,2.811e-06,2.173616e-05,7.73253646389185,-1,2.23887498490255,-2.23887498490255
K06988,0.00454717696097006,0.0251640515389661,4.936e-05,1.141e-05,4.32602979842244,1,2.23887498490255,2.23887498490255
K01525,0.0071435588676968,0.0330294491078005,4.312e-06,2.011636e-05,4.66520408163265,-1,2.13172513692291,-2.13172513692291
K02589,0.00116486323382875,0.0113211956581317,5.648e-07,2.016892e-05,35.7098441926346,-1,2.53262512332187,-2.53262512332187
K06879,0.000266655439069232,0.00580402674341777,1.9358e-06,1.9018e-05,9.82436202086992,-1,2.75865221762251,-2.75865221762251
K00320,0.00158589813762228,0.0134991373065147,5.14134e-05,7.9668e-06,6.45345684591053,1,2.47032228664212,2.47032228664212
K00394,0.00356476218545184,0.021847099385977,1.1986e-06,1.779032e-05,14.8425830135158,-1,2.29301572952859,-2.29301572952859
K01011,0.00182904898516833,0.01531853030022,5.74166e-05,6.528e-06,8.79543504901961,1,2.42475951689163,2.42475951689163
K07708,0.00881366398607778,0.0373997893509094,1.4788e-06,1.72354e-05,11.6549905328645,-1,2.08137287640961,-2.08137287640961
K03331,0.000266655439069232,0.00580402674341777,2.0998e-06,1.685736e-05,8.02807886465378,-1,2.75865221762251,-2.75865221762251
K00121,0.000589448865310934,0.00884060159988415,4.76694e-05,7.2988e-06,6.53112840466926,1,2.61815739989778,2.61815739989778
K00557,0.0130941855079786,0.0488158232630462,1.6524e-06,1.600708e-05,9.68717017671266,-1,1.97019677292199,-1.97019677292199
K05898,0.00356476218545184,0.021847099385977,5.31196e-05,5.6928e-06,9.33101461495222,1,2.29301572952859,2.29301572952859
K21589,0.00276479586824414,0.0185125234913965,1.3497e-06,1.555108e-05,11.5218789360599,-1,2.35520431972623,-2.35520431972623
K01682,0.0130941855079786,0.0488158232630462,7.3148e-07,1.5589008e-05,21.3115984032373,-1,1.97019677292199,-1.97019677292199
K22820,0.000842069807587049,0.00898898015913279,7.519856e-05,1.4172e-07,530.61360429015,1,2.61247296452743,2.61247296452743
K09860,0.00276479586824414,0.0185125234913965,1.06246e-07,1.513824e-05,142.482917003934,-1,2.35520431972623,-2.35520431972623
K03715,0.0132625150888398,0.0492553673499023,2.1636e-06,1.43452e-05,6.63024588648549,-1,1.96637449516598,-1.96637449516598
K19138,0.00755281009763692,0.0342329803381293,2.52e-06,1.40968e-05,5.59396825396825,-1,2.11731667840585,-2.11731667840585
K20527,0.0130941855079786,0.0488158232630462,7.3108e-07,1.435852e-05,19.6401488209225,-1,1.97019677292199,-1.97019677292199
K01497,0.0130941855079786,0.0488158232630462,7.36354e-07,1.3681e-05,18.5793789400207,-1,1.97019677292199,-1.97019677292199
K08372,0.0071435588676968,0.0330294491078005,3.0834e-05,7.5224e-06,4.0989577794321,1,2.13172513692291,2.13172513692291
K07066,0.000589448865310934,0.00884060159988415,3.046e-06,1.29328e-05,4.24583059750492,-1,2.61815739989778,-2.61815739989778
K15896,0.00572607469159193,0.028960225009773,1.6566e-06,1.261908e-05,7.61745744295545,-1,2.1840275321937,-2.1840275321937
K14506,0.00454717696097006,0.0251640515389661,3.3904e-05,6.15852e-06,5.50521878633178,1,2.23887498490255,2.23887498490255
K06900,0.00016841396151741,0.00425885661908427,1.3046e-06,1.26176e-05,9.67162348612602,-1,2.85832372358346,-2.85832372358346
K22041,0.00210517451896762,0.0159397613286948,2.3662e-06,1.20228e-05,5.08105823683543,-1,2.41029190987612,-2.41029190987612
K18195,0.000407000407000407,0.00743061023434855,2.0586e-06,1.18212e-05,5.74234916933839,-1,2.67690318756324,-2.67690318756324
K18851,5.61379871724699e-05,0.00203084366558185,6.018274e-05,3.17e-08,1898.50914826498,1,3.08568423484935,3.08568423484935
K23993,0.00276479586824414,0.0185125234913965,3.493e-07,1.1475088e-05,32.8516690523905,-1,2.35520431972623,-2.35520431972623
K02659,0.00881366398607778,0.0373997893509094,1.51392e-06,1.1181156e-05,7.38556594800254,-1,2.08137287640961,-2.08137287640961
K10810,0.00380304391858015,0.0229297725152664,1.0588e-06,1.05932e-05,10.0049112202493,-1,2.27460272476658,-2.27460272476658
K07266,0.0107925280339073,0.0424850448649632,4.6426e-07,1.0684696e-05,23.0144660319648,-1,2.02873739525314,-2.02873739525314
K01453,0.000842069807587049,0.00898898015913279,5.0292e-07,1.0317576e-05,20.5153424003818,-1,2.61247296452743,-2.61247296452743
K01973,0.00454717696097006,0.0251640515389661,1.2757e-06,1.01284e-05,7.93948420475033,-1,2.23887498490255,-2.23887498490255
K18244,0.0130941855079786,0.0488158232630462,2.708e-05,4.6272e-06,5.85235131396957,1,1.97019677292199,1.97019677292199
K00635,5.61379871724699e-05,0.00203084366558185,4.764528e-05,2.5142e-08,1895.04733115902,1,3.08568423484935,3.08568423484935
K07457,0.00454717696097006,0.0251640515389661,1.5454e-06,9.1984e-06,5.95211595703378,-1,2.23887498490255,-2.23887498490255
K18934,0.000589448865310934,0.00884060159988415,2.1798e-05,5.0868e-06,4.28520877565464,1,2.61815739989778,2.61815739989778
K02384,0.000589448865310934,0.00884060159988415,3.4354e-07,9.362128e-06,27.25192990627,-1,2.61815739989778,-2.61815739989778
K24163,0.00356476218545184,0.021847099385977,2.2772e-05,4.80236e-06,4.74183526432837,1,2.29301572952859,2.29301572952859
K02590,0.000842069807587049,0.00898898015913279,4.66e-07,9.08512e-06,19.4959656652361,-1,2.61247296452743,-2.61247296452743
K01244,0.00182904898516833,0.01531853030022,1.2672e-07,9.10266e-06,71.8328598484849,-1,2.42475951689163,-2.42475951689163
K07704,0.00016841396151741,0.00425885661908427,2.104e-05,4.85552e-06,4.33321250864995,1,2.85832372358346,2.85832372358346
K00185,0.00151222659004263,0.0134991373065147,2.7058e-05,3.56692e-06,7.58581633454073,1,2.47032228664212,2.47032228664212
K21470,0.00890243258160883,0.0373997893509094,1.22956e-06,8.67276e-06,7.05354761052734,-1,2.08137287640961,-2.08137287640961
K18481,5.61379871724699e-05,0.00203084366558185,4.22544e-05,2.30544e-08,1832.81282531751,1,3.08568423484935,3.08568423484935
K19691,0.0130941855079786,0.0488158232630462,1.82312e-06,8.08264e-06,4.43341085611479,-1,1.97019677292199,-1.97019677292199
K24456,0.00890243258160883,0.0373997893509094,1.4798e-06,7.98468e-06,5.39578321394783,-1,2.08137287640961,-2.08137287640961
K04015,0.000589448865310934,0.00884060159988415,2.382e-05,3.2318e-06,7.3705056005941,1,2.61815739989778,2.61815739989778
K06149,0.00572607469159193,0.028960225009773,2.005e-05,3.9272e-06,5.10541861886331,1,2.1840275321937,2.1840275321937
K07032,0.000407000407000407,0.00743061023434855,2.1816e-05,3.24528e-06,6.72237834639846,1,2.67690318756324,2.67690318756324
K03333,0.000266655439069232,0.00580402674341777,3.52936e-05,1.81412e-07,194.549423411902,1,2.75865221762251,2.75865221762251
K04752,0.0130941855079786,0.0488158232630462,1.1634e-06,6.873e-06,5.90768437338834,-1,1.97019677292199,-1.97019677292199
K17228,0.00454717696097006,0.0251640515389661,2.87505e-05,1.0544196e-06,27.2666593071677,1,2.23887498490255,2.23887498490255
K04780,0.00116486323382875,0.0113211956581317,2.8048e-05,8.4472e-07,33.2039018846482,1,2.53262512332187,2.53262512332187
K20966,0.00276479586824414,0.0185125234913965,1.3e-06,5.7908e-06,4.45446153846154,-1,2.35520431972623,-2.35520431972623
K01554,0.0107925280339073,0.0424850448649632,1.9634e-05,2.06568e-06,9.50486038495798,1,2.02873739525314,2.02873739525314
K08225,0.0130941855079786,0.0488158232630462,2.35136e-05,1.285376e-06,18.2931686914957,1,1.97019677292199,1.97019677292199
K09476,0.0107925280339073,0.0424850448649632,6.31056e-07,5.796408e-06,9.18525138814939,-1,2.02873739525314,-2.02873739525314
K10954,0.00572607469159193,0.028960225009773,7.042e-07,5.71132e-06,8.11036637318943,-1,2.1840275321937,-2.1840275321937
K13005,0.00116486323382875,0.0113211956581317,8.496e-07,5.61008e-06,6.60320150659134,-1,2.53262512332187,-2.53262512332187
K06974,0.00572607469159193,0.028960225009773,4.8188e-07,5.57284e-06,11.5647879140035,-1,2.1840275321937,-2.1840275321937
K16047,0.00890243258160883,0.0373997893509094,2.701654e-05,2.139052e-07,126.301464387028,1,2.08137287640961,2.08137287640961
K22769,5.61379871724699e-05,0.00203084366558185,2.763794e-05,1.46868e-08,1881.82177193126,1,3.08568423484935,3.08568423484935
K01136,9.82414775518224e-05,0.00304626549837278,7.3476e-07,5.388e-06,7.33300669606402,-1,2.9630303315764,-2.9630303315764
K12405,9.82414775518224e-05,0.00304626549837278,2.4131e-05,5.4428e-07,44.33563606967,1,2.9630303315764,2.9630303315764
K00769,0.0107925280339073,0.0424850448649632,7.6836e-07,5.19e-06,6.75464625956583,-1,2.02873739525314,-2.02873739525314
K22819,5.61379871724699e-05,0.00203084366558185,2.651852e-05,1.36152e-08,1947.7143192902,1,3.08568423484935,3.08568423484935
K05555,0.00572607469159193,0.028960225009773,1.2972e-05,2.626e-06,4.93983244478294,1,2.1840275321937,2.1840275321937
K24454,0.00158589813762228,0.0134991373065147,1.371e-05,2.46848e-06,5.5540251490796,1,2.47032228664212,2.47032228664212
K16050,0.00415398605378818,0.0249302972536873,1.3766e-05,2.25284e-06,6.11050940146659,1,2.24248107247626,2.24248107247626
K14081,9.82414775518224e-05,0.00304626549837278,1.2024e-05,2.59672e-06,4.63045688406913,1,2.9630303315764,2.9630303315764
K07654,0.0107925280339073,0.0424850448649632,1.2024e-05,2.45248e-06,4.90279227557411,1,2.02873739525314,2.02873739525314
K07653,0.00182904898516833,0.01531853030022,1.357e-05,2.1344e-06,6.35775862068966,1,2.42475951689163,2.42475951689163
K22297,0.00210517451896762,0.0159397613286948,1.741e-05,1.345e-06,12.9442379182156,1,2.41029190987612,2.41029190987612
K23514,0.00572607469159193,0.028960225009773,5.67104e-07,4.491e-06,7.91918237219276,-1,2.1840275321937,-2.1840275321937
K05921,0.00276479586824414,0.0185125234913965,1.27256e-05,2.03996e-06,6.23816153257907,1,2.35520431972623,2.35520431972623
K10951,0.000407000407000407,0.00743061023434855,7.228e-08,4.498968e-06,62.2436081903708,-1,2.67690318756324,-2.67690318756324
K16294,0.00158589813762228,0.0134991373065147,1.702e-05,9.0972e-07,18.7090533350921,1,2.47032228664212,2.47032228664212
K16048,5.61379871724699e-05,0.00203084366558185,2.129512e-05,1.28372e-08,1658.86018757985,1,3.08568423484935,3.08568423484935
K19090,0.000589448865310934,0.00884060159988415,1.2186e-07,4.23308e-06,34.7372394551124,-1,2.61815739989778,-2.61815739989778
K03379,5.61379871724699e-05,0.00203084366558185,2.11273e-05,1.1534e-08,1831.74093983007,1,3.08568423484935,3.08568423484935
K22770,5.61379871724699e-05,0.00203084366558185,2.11273e-05,1.1534e-08,1831.74093983007,1,3.08568423484935,3.08568423484935
K18073,0.0107925280339073,0.0424850448649632,4.784e-07,4.1008e-06,8.57190635451505,-1,2.02873739525314,-2.02873739525314
K03795,0.0122635477587195,0.0476515973081224,1.72396e-05,7.34956e-07,23.4566423023963,1,1.98046237314405,1.98046237314405
K04118,5.61379871724699e-05,0.00203084366558185,2.081038e-05,1.08748e-08,1913.63335417663,1,3.08568423484935,3.08568423484935
K07309,0.00210517451896762,0.0159397613286948,1.0468e-05,2.04656e-06,5.11492455632867,1,2.41029190987612,2.41029190987612
K21419,0.0071435588676968,0.0330294491078005,2.278566e-07,4.0054472e-06,17.5788070216092,-1,2.13172513692291,-2.13172513692291
K24116,0.000839923716331821,0.00898898015913279,2.018096e-05,1.1766e-08,1715.19292877783,1,2.61247296452743,2.61247296452743
K16049,0.000839923716331821,0.00898898015913279,2.000494e-05,1.04536e-08,1913.68906405449,1,2.61247296452743,2.61247296452743
K23812,0.000839923716331821,0.00898898015913279,2.000494e-05,1.04536e-08,1913.68906405449,1,2.61247296452743,2.61247296452743
K13671,0.0022033558894133,0.0164628670077815,1.969998e-05,4.4884e-08,438.908742536316,1,2.39848908776572,2.39848908776572
K00496,5.61379871724699e-05,0.00203084366558185,1.985114e-05,1.01352e-08,1958.63327808035,1,3.08568423484935,3.08568423484935
K01822,5.61379871724699e-05,0.00203084366558185,1.969736e-05,9.8096e-09,2007.9677051052,1,3.08568423484935,3.08568423484935
K00437,0.00124666906437811,0.0119527264650927,9.988e-06,1.919e-06,5.20479416362689,1,2.51353692482595,2.51353692482595
K12375,5.61379871724699e-05,0.00203084366558185,5.0546e-07,3.7952e-06,7.50840818264551,-1,3.08568423484935,-3.08568423484935
K00120,0.000839923716331821,0.00898898015913279,1.92619e-05,1.17904e-08,1633.69351336681,1,2.61247296452743,2.61247296452743
K13098,0.00016841396151741,0.00425885661908427,1.4508e-07,3.76856e-06,25.9757375241246,-1,2.85832372358346,-2.85832372358346
K20468,0.0130941855079786,0.0488158232630462,1.52574e-05,6.76236e-07,22.562241584299,1,1.97019677292199,1.97019677292199
K19088,0.00116486323382875,0.0113211956581317,1.0196e-07,3.69672e-06,36.2565712043939,-1,2.53262512332187,-2.53262512332187
K20963,0.00200936477741071,0.0159397613286948,2.13e-07,3.57192e-06,16.7695774647887,-1,2.41029190987612,-2.41029190987612
K00404,0.0071435588676968,0.0330294491078005,8.7836e-09,3.50483372e-06,399.020187622387,-1,2.13172513692291,-2.13172513692291
K00405,0.0071435588676968,0.0330294491078005,8.7836e-09,3.50483372e-06,399.020187622387,-1,2.13172513692291,-2.13172513692291
K09944,0.0071435588676968,0.0330294491078005,8.7836e-09,3.50483372e-06,399.020187622387,-1,2.13172513692291,-2.13172513692291
K00311,0.00453406382248189,0.0251640515389661,1.3332e-07,3.468184e-06,26.0139813981398,-1,2.23887498490255,-2.23887498490255
K05578,0.00276479586824414,0.0185125234913965,2.4968e-07,3.41096e-06,13.6613264979173,-1,2.35520431972623,-2.35520431972623
K00406,0.00572607469159193,0.028960225009773,6.0748e-09,3.442489228e-06,566.683549746494,-1,2.1840275321937,-2.1840275321937
K00407,0.00572607469159193,0.028960225009773,6.0748e-09,3.442489228e-06,566.683549746494,-1,2.1840275321937,-2.1840275321937
K00411,0.00572607469159193,0.028960225009773,6.0748e-09,3.442489228e-06,566.683549746494,-1,2.1840275321937,-2.1840275321937
K00413,0.00572607469159193,0.028960225009773,6.0748e-09,3.442489228e-06,566.683549746494,-1,2.1840275321937,-2.1840275321937
K05927,0.00572607469159193,0.028960225009773,6.0748e-09,3.442489228e-06,566.683549746494,-1,2.1840275321937,-2.1840275321937
K08077,0.00572607469159193,0.028960225009773,6.0748e-09,3.442489228e-06,566.683549746494,-1,2.1840275321937,-2.1840275321937
K15510,0.000839923716331821,0.00898898015913279,1.667756e-05,1.5646e-08,1065.93122842899,1,2.61247296452743,2.61247296452743
K08973,0.00883427755014337,0.0373997893509094,5.7872e-09,3.320863436e-06,573.829042714957,-1,2.08137287640961,-2.08137287640961
K11729,0.00116486323382875,0.0113211956581317,1.633688e-05,3.15908e-08,517.140433290705,1,2.53262512332187,2.53262512332187
K15525,0.00265264619285221,0.0185125234913965,1.50818e-05,2.20388e-07,68.4329455324246,1,2.35520431972623,2.35520431972623
K10912,0.00116486323382875,0.0113211956581317,6.138e-09,3.121462e-06,508.547083740632,-1,2.53262512332187,-2.53262512332187
K03197,0.000266655439069232,0.00580402674341777,1.1594e-09,3.0994544e-06,2673.32620320856,-1,2.75865221762251,-2.75865221762251
K04103,0.00889484681789721,0.0373997893509094,3.4264e-07,3.0294e-06,8.84134952136353,-1,2.08137287640961,-2.08137287640961
K00257,5.61379871724699e-05,0.00203084366558185,1.526642e-05,8.4664e-09,1803.17726542568,1,3.08568423484935,3.08568423484935
K18958,5.61379871724699e-05,0.00203084366558185,1.52602e-05,9.8188e-09,1554.18177374017,1,3.08568423484935,3.08568423484935
K08740,0.000589448865310934,0.00884060159988415,3.888e-07,2.9794e-06,7.6630658436214,-1,2.61815739989778,-2.61815739989778
K10938,0.0130941855079786,0.0488158232630462,3.3492e-07,2.96484e-06,8.85238265854532,-1,1.97019677292199,-1.97019677292199
K14728,5.61379871724699e-05,0.00203084366558185,1.50941e-05,1.2244e-08,1232.7752368507,1,3.08568423484935,3.08568423484935
K18935,0.0071435588676968,0.0330294491078005,7.497e-06,1.48328e-06,5.05433903241465,1,2.13172513692291,2.13172513692291
K03195,0.000407000407000407,0.00743061023434855,8.648e-10,2.98160944e-06,3447.74449583719,-1,2.67690318756324,-2.67690318756324
K07157,0.0071435588676968,0.0330294491078005,1.413938e-05,1.374056e-07,102.90250179032,1,2.13172513692291,2.13172513692291
K07008,0.0107925280339073,0.0424850448649632,1.40211e-05,1.266012e-07,110.75013506981,1,2.02873739525314,2.02873739525314
K15982,0.000839923716331821,0.00898898015913279,1.461896e-05,8.3696e-09,1746.67367616135,1,2.61247296452743,2.61247296452743
K07222,0.000839923716331821,0.00898898015913279,1.461272e-05,9.7192e-09,1503.48999917689,1,2.61247296452743,2.61247296452743
K12956,0.00241983356720031,0.018008170946765,9.454e-06,1.02552e-06,9.2187378110617,1,2.36545007848197,2.36545007848197
K00451,5.61379871724699e-05,0.00203084366558185,1.446518e-05,8.0452e-09,1797.98886292448,1,3.08568423484935,3.08568423484935
K00232,0.000838800782394012,0.00898898015913279,1.445712e-05,9.3932e-09,1539.10488438445,1,2.61247296452743,2.61247296452743
K21308,0.000838800782394012,0.00898898015913279,7.624e-06,1.34732e-06,5.65864085740581,1,2.61247296452743,2.61247296452743
K08195,5.61379871724699e-05,0.00203084366558185,7.474e-06,1.37528e-06,5.43452969577104,1,3.08568423484935,3.08568423484935
K20470,5.61379871724699e-05,0.00203084366558185,1.413762e-05,7.3956e-09,1911.62583157553,1,3.08568423484935,3.08568423484935
K21480,5.61379871724699e-05,0.00203084366558185,1.413762e-05,7.3956e-09,1911.62583157553,1,3.08568423484935,3.08568423484935
K16051,0.000589448865310934,0.00884060159988415,1.385888e-05,3.17908e-08,435.939957471973,1,2.61815739989778,2.61815739989778
K22303,5.61379871724699e-05,0.00203084366558185,1.381792e-05,7.9436e-09,1739.50349967269,1,3.08568423484935,3.08568423484935
K18693,0.000407000407000407,0.00743061023434855,1.2488e-08,2.753968e-06,220.529147982063,-1,2.67690318756324,-2.67690318756324
K22818,5.61379871724699e-05,0.00203084366558185,1.366414e-05,7.618e-09,1793.66500393804,1,3.08568423484935,3.08568423484935
K16929,0.00124666906437811,0.0119527264650927,3.892e-07,2.64004e-06,6.78324768756423,-1,2.51353692482595,-2.51353692482595
K15983,0.000839923716331821,0.00898898015913279,1.349034e-05,7.2968e-09,1848.80221466944,1,2.61247296452743,2.61247296452743
K11608,5.61379871724699e-05,0.00203084366558185,1.333656e-05,6.972e-09,1912.8743545611,1,3.08568423484935,3.08568423484935
K13775,5.61379871724699e-05,0.00203084366558185,1.333656e-05,6.972e-09,1912.8743545611,1,3.08568423484935,3.08568423484935
K22821,5.61379871724699e-05,0.00203084366558185,1.333656e-05,6.972e-09,1912.8743545611,1,3.08568423484935,3.08568423484935
K21481,0.00158589813762228,0.0134991373065147,1.18812e-05,2.6952e-07,44.0828138913624,1,2.47032228664212,2.47032228664212
K07517,5.61379871724699e-05,0.00203084366558185,1.318276e-05,6.648e-09,1982.96630565584,1,3.08568423484935,3.08568423484935
K18546,5.61379871724699e-05,0.00203084366558185,1.318276e-05,6.648e-09,1982.96630565584,1,3.08568423484935,3.08568423484935
K22342,5.61379871724699e-05,0.00203084366558185,1.318276e-05,6.648e-09,1982.96630565584,1,3.08568423484935,3.08568423484935
K22502,5.61379871724699e-05,0.00203084366558185,1.318276e-05,6.648e-09,1982.96630565584,1,3.08568423484935,3.08568423484935
K02638,0.000839923716331821,0.00898898015913279,1.302898e-05,6.32e-09,2061.54746835443,1,2.61247296452743,2.61247296452743
K06443,0.000839923716331821,0.00898898015913279,1.302898e-05,6.32e-09,2061.54746835443,1,2.61247296452743,2.61247296452743
K12677,0.000839923716331821,0.00898898015913279,1.302898e-05,6.32e-09,2061.54746835443,1,2.61247296452743,2.61247296452743
K15981,0.000839923716331821,0.00898898015913279,1.302898e-05,6.32e-09,2061.54746835443,1,2.61247296452743,2.61247296452743
K20761,0.000839923716331821,0.00898898015913279,1.302898e-05,6.32e-09,2061.54746835443,1,2.61247296452743,2.61247296452743
K21691,0.000839923716331821,0.00898898015913279,1.302898e-05,6.32e-09,2061.54746835443,1,2.61247296452743,2.61247296452743
K22344,0.000839923716331821,0.00898898015913279,1.302898e-05,6.32e-09,2061.54746835443,1,2.61247296452743,2.61247296452743
K20847,0.0130941855079786,0.0488158232630462,6.0178e-07,2.48956e-06,4.13699358569577,-1,1.97019677292199,-1.97019677292199
K01907,1.40344967931175e-05,0.00203084366558185,9.312e-06,7.02276e-07,13.2597440322608,1,3.08568423484935,3.08568423484935
K17251,0.0071435588676968,0.0330294491078005,8.7556e-09,2.46718572e-06,281.783740691672,-1,2.13172513692291,-2.13172513692291
K07349,0.0104549226471039,0.0424850448649632,3.764e-07,2.33484e-06,6.20308182784272,-1,2.02873739525314,-2.02873739525314
K07234,0.00572607469159193,0.028960225009773,6.0662e-09,2.404502828e-06,396.377110546965,-1,2.1840275321937,-2.1840275321937
K15910,0.00572607469159193,0.028960225009773,6.0662e-09,2.404502828e-06,396.377110546965,-1,2.1840275321937,-2.1840275321937
K12295,0.00890243258160883,0.0373997893509094,4.924e-07,2.30488e-06,4.68090982940699,-1,2.08137287640961,-2.08137287640961
K00376,0.00883427755014337,0.0373997893509094,5.75848e-09,2.283712636e-06,396.582541920785,-1,2.08137287640961,-2.08137287640961
K21555,0.00883427755014337,0.0373997893509094,5.75848e-09,2.283712636e-06,396.582541920785,-1,2.08137287640961,-2.08137287640961
K24346,0.00883427755014337,0.0373997893509094,5.75848e-09,2.283712636e-06,396.582541920785,-1,2.08137287640961,-2.08137287640961
K00153,0.0071435588676968,0.0330294491078005,8.673e-06,4.9268e-07,17.6037184379313,1,2.13172513692291,2.13172513692291
K02351,0.0071435588676968,0.0330294491078005,9.8383e-06,2.29136e-07,42.9365093219747,1,2.13172513692291,2.13172513692291
K00457,0.00210517451896762,0.0159397613286948,8.8428e-06,4.08204e-07,21.6626980627333,1,2.41029190987612,2.41029190987612
K00435,0.0071435588676968,0.0330294491078005,9.74936e-06,1.292652e-07,75.4213817794735,1,2.13172513692291,2.13172513692291
K01601,0.00116486323382875,0.0113211956581317,4.748e-07,1.91516e-06,4.03361415332772,-1,2.53262512332187,-2.53262512332187
K17994,0.00016841396151741,0.00425885661908427,5.642e-06,8.49416e-07,6.64221064825716,1,2.85832372358346,2.85832372358346
K22389,0.00265264619285221,0.0185125234913965,1.418e-07,1.93712e-06,13.6609308885755,-1,2.35520431972623,-2.35520431972623
K03194,0.00220586405901552,0.0164628670077815,8.486e-10,1.94357396e-06,2290.3299080839,-1,2.39848908776572,-2.39848908776572
K14286,0.00220586405901552,0.0164628670077815,8.486e-10,1.94357396e-06,2290.3299080839,-1,2.39848908776572,-2.39848908776572
K16169,0.0130941855079786,0.0488158232630462,5.1342e-06,9.02292e-07,5.69017568591986,1,1.97019677292199,1.97019677292199
K11533,0.00454717696097006,0.0251640515389661,8.81366e-06,1.613936e-07,54.6097243013354,1,2.23887498490255,2.23887498490255
K14998,0.00276479586824414,0.0185125234913965,9.22346e-06,7.72288e-08,119.430316151488,1,2.35520431972623,2.35520431972623
K09959,0.0104634973398284,0.0424850448649632,8.9483e-06,1.28946e-07,69.3957160361702,1,2.02873739525314,2.02873739525314
K17993,0.00016841396151741,0.00425885661908427,5.538e-06,7.89816e-07,7.01175970099365,1,2.85832372358346,2.85832372358346
K20814,0.00881366398607778,0.0373997893509094,8.34906e-06,2.208396e-07,37.8059913167747,1,2.08137287640961,2.08137287640961
K06963,0.00102344176745841,0.0108650593133459,5.7e-06,7.2184e-07,7.89648675606783,1,2.54700912162549,2.54700912162549
K09763,0.00881366398607778,0.0373997893509094,8.649e-06,1.26852e-07,68.1818181818182,1,2.08137287640961,2.08137287640961
K13483,0.000589448865310934,0.00884060159988415,8.282e-06,2.002e-07,41.3686313686314,1,2.61815739989778,2.61815739989778
K09732,0.000266655439069232,0.00580402674341777,5.72e-06,7.0396e-07,8.12546167395875,1,2.75865221762251,2.75865221762251
K18455,0.00755281009763692,0.0342329803381293,8.91052e-06,5.80324e-08,153.543882382945,1,2.11731667840585,2.11731667840585
K02497,0.0130941855079786,0.0488158232630462,4.9932e-06,8.0964e-07,6.16718541574033,1,1.97019677292199,1.97019677292199
K11897,0.0071435588676968,0.0330294491078005,3.4096e-08,1.771768e-06,51.9641013608634,-1,2.13172513692291,-2.13172513692291
K08737,0.000556956201049037,0.00884060159988415,1.5416e-07,1.74388e-06,11.3121432278153,-1,2.61815739989778,-2.61815739989778
K11163,0.00453406382248189,0.0251640515389661,8.71308e-06,2.73688e-08,318.358130425886,1,2.23887498490255,2.23887498490255
K11178,0.00356476218545184,0.021847099385977,7.8772e-06,1.92352e-07,40.9520046581268,1,2.29301572952859,2.29301572952859
K09388,5.61379871724699e-05,0.00203084366558185,5.034e-06,7.508e-07,6.70484816196057,1,3.08568423484935,3.08568423484935
K00274,0.00116486323382875,0.0113211956581317,8.60048e-06,3.90576e-08,220.199909876695,1,2.53262512332187,2.53262512332187
K24126,0.00572607469159193,0.028960225009773,7.02584e-06,3.52116e-07,19.953197241818,1,2.1840275321937,2.1840275321937
K19373,0.0130941855079786,0.0488158232630462,4.0826e-07,1.657276e-06,4.05936413070102,-1,1.97019677292199,-1.97019677292199
K19719,0.000686420440563159,0.00898898015913279,8.60072e-06,5.9732e-09,1439.88481885756,1,2.61247296452743,2.61247296452743
K09386,5.61379871724699e-05,0.00203084366558185,8.59866e-06,4.9816e-09,1726.08398907981,1,3.08568423484935,3.08568423484935
K06324,0.00356476218545184,0.021847099385977,8.3857e-06,2.67116e-08,313.934769912697,1,2.29301572952859,2.29301572952859
K18362,0.000839923716331821,0.00898898015913279,5.604e-06,5.83292e-07,9.60753790554302,1,2.61247296452743,2.61247296452743
K12503,0.00638959822663427,0.0314014594609561,8.12128e-06,7.74684e-08,104.833454673131,1,2.15194788167789,2.15194788167789
K22311,0.00755281009763692,0.0342329803381293,7.8389e-06,1.226436e-07,63.9160950917944,1,2.11731667840585,2.11731667840585
K14949,0.00380304391858015,0.0229297725152664,7.1246e-06,2.65576e-07,26.8269723167756,1,2.27460272476658,2.27460272476658
K12294,0.00454717696097006,0.0251640515389661,3.796e-07,1.60868e-06,4.23782929399368,-1,2.23887498490255,-2.23887498490255
K02292,0.00276479586824414,0.0185125234913965,7.85856e-06,9.51564e-08,82.5857220323594,1,2.35520431972623,2.35520431972623
K14162,0.00158589813762228,0.0134991373065147,8.09976e-06,4.06648e-08,199.18356908186,1,2.47032228664212,2.47032228664212
K02293,0.00356476218545184,0.021847099385977,7.2532e-06,2.11172e-07,34.3473566571326,1,2.29301572952859,2.29301572952859
K07020,0.000589448865310934,0.00884060159988415,8.13794e-06,3.03916e-08,267.769383645481,1,2.61815739989778,2.61815739989778
K11957,0.00210517451896762,0.0159397613286948,7.9497e-06,6.6474e-08,119.591118331979,1,2.41029190987612,2.41029190987612
K10911,0.0107925280339073,0.0424850448649632,1.4792e-07,1.62004e-06,10.9521362898864,-1,2.02873739525314,-2.02873739525314
K03889,0.00158589813762228,0.0134991373065147,7.94558e-06,4.0318e-08,197.072771466839,1,2.47032228664212,2.47032228664212
K03890,0.00158589813762228,0.0134991373065147,7.94558e-06,4.0318e-08,197.072771466839,1,2.47032228664212,2.47032228664212
K03891,0.00158589813762228,0.0134991373065147,7.94558e-06,4.0318e-08,197.072771466839,1,2.47032228664212,2.47032228664212
K23842,0.00158589813762228,0.0134991373065147,7.94558e-06,4.0318e-08,197.072771466839,1,2.47032228664212,2.47032228664212
K03062,0.00881366398607778,0.0373997893509094,3.844e-07,1.54664e-06,4.02351716961498,-1,2.08137287640961,-2.08137287640961
K01781,0.00572607469159193,0.028960225009773,5.9328e-06,4.1532e-07,14.2848887604739,1,2.1840275321937,2.1840275321937
K16956,0.00454717696097006,0.0251640515389661,8.052e-08,1.581092e-06,19.6360158966716,-1,2.23887498490255,-2.23887498490255
K14161,0.00210517451896762,0.0159397613286948,7.79158e-06,4.0004e-08,194.7700229977,1,2.41029190987612,2.41029190987612
K23156,0.000838800782394012,0.00898898015913279,7.951386e-06,4.882e-09,1628.71487095453,1,2.61247296452743,2.61247296452743
K05888,0.000839923716331821,0.00898898015913279,7.94394e-06,6.2372e-09,1273.63881228756,1,2.61247296452743,2.61247296452743
K11414,0.000839923716331821,0.00898898015913279,7.94394e-06,6.2372e-09,1273.63881228756,1,2.61247296452743,2.61247296452743
K15526,0.000839923716331821,0.00898898015913279,7.94394e-06,6.2372e-09,1273.63881228756,1,2.61247296452743,2.61247296452743
K24120,0.000839923716331821,0.00898898015913279,7.94394e-06,6.2372e-09,1273.63881228756,1,2.61247296452743,2.61247296452743
K19311,2.8068993586235e-05,0.00203084366558185,7.79964e-06,5.5464e-09,1406.25270445695,1,3.08568423484935,3.08568423484935
K13570,0.00276479586824414,0.0185125234913965,7.18312e-06,1.261036e-07,56.9620534227413,1,2.35520431972623,2.35520431972623
K00485,5.61379871724699e-05,0.00203084366558185,7.797608e-06,4.5584e-09,1710.60196560197,1,3.08568423484935,3.08568423484935
K10215,5.61379871724699e-05,0.00203084366558185,7.797608e-06,4.5584e-09,1710.60196560197,1,3.08568423484935,3.08568423484935
K21193,5.61379871724699e-05,0.00203084366558185,7.78974e-06,5.91e-09,1318.06091370558,1,3.08568423484935,3.08568423484935
K17883,0.00276479586824414,0.0185125234913965,7.56046e-06,4.4826e-08,168.662383438183,1,2.35520431972623,2.35520431972623
K18230,0.00755281009763692,0.0342329803381293,7.46996e-06,3.97288e-08,188.023801373311,1,2.11731667840585,2.11731667840585
K16163,0.00276479586824414,0.0185125234913965,7.471256e-06,3.80032e-08,196.595444594139,1,2.35520431972623,2.35520431972623
K00523,0.000839923716331821,0.00898898015913279,7.62341e-06,4.2344e-09,1800.3518798413,1,2.61247296452743,2.61247296452743
K01970,0.000839923716331821,0.00898898015913279,7.62341e-06,4.2344e-09,1800.3518798413,1,2.61247296452743,2.61247296452743
K11177,0.000839923716331821,0.00898898015913279,7.62341e-06,4.2344e-09,1800.3518798413,1,2.61247296452743,2.61247296452743
K11779,0.000839923716331821,0.00898898015913279,7.62341e-06,4.2344e-09,1800.3518798413,1,2.61247296452743,2.61247296452743
K18294,0.000839923716331821,0.00898898015913279,7.62341e-06,4.2344e-09,1800.3518798413,1,2.61247296452743,2.61247296452743
K21167,0.000839923716331821,0.00898898015913279,7.62341e-06,4.2344e-09,1800.3518798413,1,2.61247296452743,2.61247296452743
K06995,5.61379871724699e-05,0.00203084366558185,7.469432e-06,3.9084e-09,1911.12271006038,1,3.08568423484935,3.08568423484935
K00255,5.61379871724699e-05,0.00203084366558185,7.469432e-06,3.9084e-09,1911.12271006038,1,3.08568423484935,3.08568423484935
K01555,5.61379871724699e-05,0.00203084366558185,7.469432e-06,3.9084e-09,1911.12271006038,1,3.08568423484935,3.08568423484935
K22336,5.61379871724699e-05,0.00203084366558185,7.469432e-06,3.9084e-09,1911.12271006038,1,3.08568423484935,3.08568423484935
K17763,0.00182904898516833,0.01531853030022,6.6718e-06,1.362852e-07,48.9546920722133,1,2.42475951689163,2.42475951689163
K07682,0.000842069807587049,0.00898898015913279,7.14522e-06,4.25888e-08,167.772278157638,1,2.61247296452743,2.61247296452743
K11611,0.00116486323382875,0.0113211956581317,7.1465e-06,4.08988e-08,174.736178078574,1,2.53262512332187,2.53262512332187
K10242,0.00116486323382875,0.0113211956581317,4.4742e-06,5.6848e-07,7.87046158176189,1,2.53262512332187,2.53262512332187
K01028,0.0130941855079786,0.0488158232630462,6.757908e-06,1.033604e-07,65.3819838158521,1,1.97019677292199,1.97019677292199
K01029,0.0130941855079786,0.0488158232630462,6.757908e-06,1.033604e-07,65.3819838158521,1,1.97019677292199,1.97019677292199
K11610,0.0071435588676968,0.0330294491078005,6.75296e-06,9.86636e-08,68.4442894846732,1,2.13172513692291,2.13172513692291
K06860,0.000686420440563159,0.00898898015913279,7.14446e-06,6.7988e-09,1050.8413249397,1,2.61247296452743,2.61247296452743
K21607,5.61379871724699e-05,0.00203084366558185,7.150152e-06,4.4632e-09,1602.02366015415,1,3.08568423484935,3.08568423484935
K23138,5.61379871724699e-05,0.00203084366558185,7.150152e-06,4.4632e-09,1602.02366015415,1,3.08568423484935,3.08568423484935
K09736,0.000266655439069232,0.00580402674341777,3.412e-06,7.4244e-07,4.5956575615538,1,2.75865221762251,2.75865221762251
K07199,0.0104634973398284,0.0424850448649632,6.7008e-08,1.3955756e-06,20.8269997612225,-1,2.02873739525314,-2.02873739525314
K06720,0.000839923716331821,0.00898898015913279,6.968702e-06,5.4868e-09,1270.08493110739,1,2.61247296452743,2.61247296452743
K10764,0.000839923716331821,0.00898898015913279,6.968702e-06,5.4868e-09,1270.08493110739,1,2.61247296452743,2.61247296452743
K11954,0.0104634973398284,0.0424850448649632,6.694152e-06,6.37564e-08,104.99576513103,1,2.02873739525314,2.02873739525314
K11955,0.0104634973398284,0.0424850448649632,6.694152e-06,6.37564e-08,104.99576513103,1,2.02873739525314,2.02873739525314
K12483,0.0071435588676968,0.0330294491078005,4.4482e-08,1.38946e-06,31.2364551953599,-1,2.13172513692291,-2.13172513692291
K00154,0.00454717696097006,0.0251640515389661,6.668534e-06,6.12468e-08,108.879712899286,1,2.23887498490255,2.23887498490255
K10237,2.8068993586235e-05,0.00203084366558185,6.815e-06,1.03972e-08,655.464932866541,1,3.08568423484935,3.08568423484935
K14337,0.00454717696097006,0.0251640515389661,6.670022e-06,3.76036e-08,177.377219202417,1,2.23887498490255,2.23887498490255
K00479,5.61379871724699e-05,0.00203084366558185,6.822156e-06,3.8108e-09,1790.21622756377,1,3.08568423484935,3.08568423484935
K00480,5.61379871724699e-05,0.00203084366558185,6.822156e-06,3.8108e-09,1790.21622756377,1,3.08568423484935,3.08568423484935
K03921,5.61379871724699e-05,0.00203084366558185,6.822156e-06,3.8108e-09,1790.21622756377,1,3.08568423484935,3.08568423484935
K14952,5.61379871724699e-05,0.00203084366558185,6.822156e-06,3.8108e-09,1790.21622756377,1,3.08568423484935,3.08568423484935
K21685,5.61379871724699e-05,0.00203084366558185,6.822156e-06,3.8108e-09,1790.21622756377,1,3.08568423484935,3.08568423484935
K23086,5.61379871724699e-05,0.00203084366558185,6.822156e-06,3.8108e-09,1790.21622756377,1,3.08568423484935,3.08568423484935
K23555,0.00102476947964371,0.0108650593133459,6.814504e-06,5.1592e-09,1320.84509226237,1,2.54700912162549,2.54700912162549
K11956,0.00881366398607778,0.0373997893509094,6.519954e-06,6.34416e-08,102.770957857305,1,2.08137287640961,2.08137287640961
K13687,0.00182904898516833,0.01531853030022,6.514186e-06,4.607e-08,141.397568916866,1,2.42475951689163,2.42475951689163
K10866,0.0104634973398284,0.0424850448649632,6.514728e-06,3.89792e-08,167.133445529924,1,2.02873739525314,2.02873739525314
K15733,0.0104634973398284,0.0424850448649632,6.514728e-06,3.89792e-08,167.133445529924,1,2.02873739525314,2.02873739525314
K14339,0.00454717696097006,0.0251640515389661,6.516024e-06,3.72424e-08,174.962515842158,1,2.23887498490255,2.23887498490255
K14743,0.000686420440563159,0.00898898015913279,6.67026e-06,4.472e-09,1491.56082289803,1,2.61247296452743,2.61247296452743
K00280,5.61379871724699e-05,0.00203084366558185,6.668178e-06,3.4836e-09,1914.16293489494,1,3.08568423484935,3.08568423484935
K00365,5.61379871724699e-05,0.00203084366558185,6.668178e-06,3.4836e-09,1914.16293489494,1,3.08568423484935,3.08568423484935
K01477,5.61379871724699e-05,0.00203084366558185,6.668178e-06,3.4836e-09,1914.16293489494,1,3.08568423484935,3.08568423484935
K01616,5.61379871724699e-05,0.00203084366558185,6.668178e-06,3.4836e-09,1914.16293489494,1,3.08568423484935,3.08568423484935
K03822,5.61379871724699e-05,0.00203084366558185,6.668178e-06,3.4836e-09,1914.16293489494,1,3.08568423484935,3.08568423484935
K04756,5.61379871724699e-05,0.00203084366558185,6.668178e-06,3.4836e-09,1914.16293489494,1,3.08568423484935,3.08568423484935
K05375,5.61379871724699e-05,0.00203084366558185,6.668178e-06,3.4836e-09,1914.16293489494,1,3.08568423484935,3.08568423484935
K05917,5.61379871724699e-05,0.00203084366558185,6.668178e-06,3.4836e-09,1914.16293489494,1,3.08568423484935,3.08568423484935
K06945,5.61379871724699e-05,0.00203084366558185,6.668178e-06,3.4836e-09,1914.16293489494,1,3.08568423484935,3.08568423484935
K07110,5.61379871724699e-05,0.00203084366558185,6.668178e-06,3.4836e-09,1914.16293489494,1,3.08568423484935,3.08568423484935
K07785,5.61379871724699e-05,0.00203084366558185,6.668178e-06,3.4836e-09,1914.16293489494,1,3.08568423484935,3.08568423484935
K09828,5.61379871724699e-05,0.00203084366558185,6.668178e-06,3.4836e-09,1914.16293489494,1,3.08568423484935,3.08568423484935
K10531,5.61379871724699e-05,0.00203084366558185,6.668178e-06,3.4836e-09,1914.16293489494,1,3.08568423484935,3.08568423484935
K10533,5.61379871724699e-05,0.00203084366558185,6.668178e-06,3.4836e-09,1914.16293489494,1,3.08568423484935,3.08568423484935
K11386,5.61379871724699e-05,0.00203084366558185,6.668178e-06,3.4836e-09,1914.16293489494,1,3.08568423484935,3.08568423484935
K11601,5.61379871724699e-05,0.00203084366558185,6.668178e-06,3.4836e-09,1914.16293489494,1,3.08568423484935,3.08568423484935
K11602,5.61379871724699e-05,0.00203084366558185,6.668178e-06,3.4836e-09,1914.16293489494,1,3.08568423484935,3.08568423484935
K11603,5.61379871724699e-05,0.00203084366558185,6.668178e-06,3.4836e-09,1914.16293489494,1,3.08568423484935,3.08568423484935
K11609,5.61379871724699e-05,0.00203084366558185,6.668178e-06,3.4836e-09,1914.16293489494,1,3.08568423484935,3.08568423484935
K12428,5.61379871724699e-05,0.00203084366558185,6.668178e-06,3.4836e-09,1914.16293489494,1,3.08568423484935,3.08568423484935
K13686,5.61379871724699e-05,0.00203084366558185,6.668178e-06,3.4836e-09,1914.16293489494,1,3.08568423484935,3.08568423484935
K14470,5.61379871724699e-05,0.00203084366558185,6.668178e-06,3.4836e-09,1914.16293489494,1,3.08568423484935,3.08568423484935
K16046,5.61379871724699e-05,0.00203084366558185,6.668178e-06,3.4836e-09,1914.16293489494,1,3.08568423484935,3.08568423484935
K16117,5.61379871724699e-05,0.00203084366558185,6.668178e-06,3.4836e-09,1914.16293489494,1,3.08568423484935,3.08568423484935
K16434,5.61379871724699e-05,0.00203084366558185,6.668178e-06,3.4836e-09,1914.16293489494,1,3.08568423484935,3.08568423484935
K16840,5.61379871724699e-05,0.00203084366558185,6.668178e-06,3.4836e-09,1914.16293489494,1,3.08568423484935,3.08568423484935
K18223,5.61379871724699e-05,0.00203084366558185,6.668178e-06,3.4836e-09,1914.16293489494,1,3.08568423484935,3.08568423484935
K18224,5.61379871724699e-05,0.00203084366558185,6.668178e-06,3.4836e-09,1914.16293489494,1,3.08568423484935,3.08568423484935
K18226,5.61379871724699e-05,0.00203084366558185,6.668178e-06,3.4836e-09,1914.16293489494,1,3.08568423484935,3.08568423484935
K18289,5.61379871724699e-05,0.00203084366558185,6.668178e-06,3.4836e-09,1914.16293489494,1,3.08568423484935,3.08568423484935
K18472,5.61379871724699e-05,0.00203084366558185,6.668178e-06,3.4836e-09,1914.16293489494,1,3.08568423484935,3.08568423484935
K18911,5.61379871724699e-05,0.00203084366558185,6.668178e-06,3.4836e-09,1914.16293489494,1,3.08568423484935,3.08568423484935
K19811,5.61379871724699e-05,0.00203084366558185,6.668178e-06,3.4836e-09,1914.16293489494,1,3.08568423484935,3.08568423484935
K21724,5.61379871724699e-05,0.00203084366558185,6.668178e-06,3.4836e-09,1914.16293489494,1,3.08568423484935,3.08568423484935
K21822,5.61379871724699e-05,0.00203084366558185,6.668178e-06,3.4836e-09,1914.16293489494,1,3.08568423484935,3.08568423484935
K22822,5.61379871724699e-05,0.00203084366558185,6.668178e-06,3.4836e-09,1914.16293489494,1,3.08568423484935,3.08568423484935
K24288,5.61379871724699e-05,0.00203084366558185,6.668178e-06,3.4836e-09,1914.16293489494,1,3.08568423484935,3.08568423484935
K24392,5.61379871724699e-05,0.00203084366558185,6.668178e-06,3.4836e-09,1914.16293489494,1,3.08568423484935,3.08568423484935
K07357,0.000839923716331821,0.00898898015913279,6.51418e-06,3.1584e-09,2062.49366767984,1,2.61247296452743,2.61247296452743
K00450,0.000839923716331821,0.00898898015913279,6.51418e-06,3.1584e-09,2062.49366767984,1,2.61247296452743,2.61247296452743
K22270,0.000839923716331821,0.00898898015913279,6.51418e-06,3.1584e-09,2062.49366767984,1,2.61247296452743,2.61247296452743
K05793,0.000839923716331821,0.00898898015913279,6.51418e-06,3.1584e-09,2062.49366767984,1,2.61247296452743,2.61247296452743
K00217,0.000839923716331821,0.00898898015913279,6.51418e-06,3.1584e-09,2062.49366767984,1,2.61247296452743,2.61247296452743
K00119,0.000839923716331821,0.00898898015913279,6.51418e-06,3.1584e-09,2062.49366767984,1,2.61247296452743,2.61247296452743
K00301,0.000839923716331821,0.00898898015913279,6.51418e-06,3.1584e-09,2062.49366767984,1,2.61247296452743,2.61247296452743
K00471,0.000839923716331821,0.00898898015913279,6.51418e-06,3.1584e-09,2062.49366767984,1,2.61247296452743,2.61247296452743
K02366,0.000839923716331821,0.00898898015913279,6.51418e-06,3.1584e-09,2062.49366767984,1,2.61247296452743,2.61247296452743
K03918,0.000839923716331821,0.00898898015913279,6.51418e-06,3.1584e-09,2062.49366767984,1,2.61247296452743,2.61247296452743
K04788,0.000839923716331821,0.00898898015913279,6.51418e-06,3.1584e-09,2062.49366767984,1,2.61247296452743,2.61247296452743
K05548,0.000839923716331821,0.00898898015913279,6.51418e-06,3.1584e-09,2062.49366767984,1,2.61247296452743,2.61247296452743
K07425,0.000839923716331821,0.00898898015913279,6.51418e-06,3.1584e-09,2062.49366767984,1,2.61247296452743,2.61247296452743
K07655,0.000839923716331821,0.00898898015913279,6.51418e-06,3.1584e-09,2062.49366767984,1,2.61247296452743,2.61247296452743
K09164,0.000839923716331821,0.00898898015913279,6.51418e-06,3.1584e-09,2062.49366767984,1,2.61247296452743,2.61247296452743
K09844,0.000839923716331821,0.00898898015913279,6.51418e-06,3.1584e-09,2062.49366767984,1,2.61247296452743,2.61247296452743
K09990,0.000839923716331821,0.00898898015913279,6.51418e-06,3.1584e-09,2062.49366767984,1,2.61247296452743,2.61247296452743
K10674,0.000839923716331821,0.00898898015913279,6.51418e-06,3.1584e-09,2062.49366767984,1,2.61247296452743,2.61247296452743
K11730,0.000839923716331821,0.00898898015913279,6.51418e-06,3.1584e-09,2062.49366767984,1,2.61247296452743,2.61247296452743
K12238,0.000839923716331821,0.00898898015913279,6.51418e-06,3.1584e-09,2062.49366767984,1,2.61247296452743,2.61247296452743
K13669,0.000839923716331821,0.00898898015913279,6.51418e-06,3.1584e-09,2062.49366767984,1,2.61247296452743,2.61247296452743
K14449,0.000839923716331821,0.00898898015913279,6.51418e-06,3.1584e-09,2062.49366767984,1,2.61247296452743,2.61247296452743
K15228,0.000839923716331821,0.00898898015913279,6.51418e-06,3.1584e-09,2062.49366767984,1,2.61247296452743,2.61247296452743
K15980,0.000839923716331821,0.00898898015913279,6.51418e-06,3.1584e-09,2062.49366767984,1,2.61247296452743,2.61247296452743
K16237,0.000839923716331821,0.00898898015913279,6.51418e-06,3.1584e-09,2062.49366767984,1,2.61247296452743,2.61247296452743
K16429,0.000839923716331821,0.00898898015913279,6.51418e-06,3.1584e-09,2062.49366767984,1,2.61247296452743,2.61247296452743
K16645,0.000839923716331821,0.00898898015913279,6.51418e-06,3.1584e-09,2062.49366767984,1,2.61247296452743,2.61247296452743
K16647,0.000839923716331821,0.00898898015913279,6.51418e-06,3.1584e-09,2062.49366767984,1,2.61247296452743,2.61247296452743
K18225,0.000839923716331821,0.00898898015913279,6.51418e-06,3.1584e-09,2062.49366767984,1,2.61247296452743,2.61247296452743
K18248,0.000839923716331821,0.00898898015913279,6.51418e-06,3.1584e-09,2062.49366767984,1,2.61247296452743,2.61247296452743
K18701,0.000839923716331821,0.00898898015913279,6.51418e-06,3.1584e-09,2062.49366767984,1,2.61247296452743,2.61247296452743
K19190,0.000839923716331821,0.00898898015913279,6.51418e-06,3.1584e-09,2062.49366767984,1,2.61247296452743,2.61247296452743
K19349,0.000839923716331821,0.00898898015913279,6.51418e-06,3.1584e-09,2062.49366767984,1,2.61247296452743,2.61247296452743
K19720,0.000839923716331821,0.00898898015913279,6.51418e-06,3.1584e-09,2062.49366767984,1,2.61247296452743,2.61247296452743
K20760,0.000839923716331821,0.00898898015913279,6.51418e-06,3.1584e-09,2062.49366767984,1,2.61247296452743,2.61247296452743
K20762,0.000839923716331821,0.00898898015913279,6.51418e-06,3.1584e-09,2062.49366767984,1,2.61247296452743,2.61247296452743
K21200,0.000839923716331821,0.00898898015913279,6.51418e-06,3.1584e-09,2062.49366767984,1,2.61247296452743,2.61247296452743
K22343,0.000839923716331821,0.00898898015913279,6.51418e-06,3.1584e-09,2062.49366767984,1,2.61247296452743,2.61247296452743
K22552,0.000839923716331821,0.00898898015913279,6.51418e-06,3.1584e-09,2062.49366767984,1,2.61247296452743,2.61247296452743
K22797,0.000839923716331821,0.00898898015913279,6.51418e-06,3.1584e-09,2062.49366767984,1,2.61247296452743,2.61247296452743
K23464,0.000839923716331821,0.00898898015913279,6.51418e-06,3.1584e-09,2062.49366767984,1,2.61247296452743,2.61247296452743
K24028,0.000839923716331821,0.00898898015913279,6.51418e-06,3.1584e-09,2062.49366767984,1,2.61247296452743,2.61247296452743
K16920,0.00220586405901552,0.0164628670077815,4.094e-08,1.23582e-06,30.1861260381045,-1,2.39848908776572,-2.39848908776572
K18434,0.000842069807587049,0.00898898015913279,8.054e-10,1.23775288e-06,1536.81758132605,-1,2.61247296452743,-2.61247296452743
K20109,0.00220586405901552,0.0164628670077815,3.085e-06,6.05756e-07,5.09280964612814,1,2.39848908776572,2.39848908776572
K09537,0.0107925280339073,0.0424850448649632,1.0386e-08,1.220942e-06,117.556518390141,-1,2.02873739525314,-2.02873739525314
K03813,0.0104634973398284,0.0424850448649632,2.7526e-06,6.63056e-07,4.15138389517627,1,2.02873739525314,2.02873739525314
K13797,0.000266655439069232,0.00580402674341777,3.082e-10,1.20379316e-06,3905.88306294614,-1,2.75865221762251,-2.75865221762251
K11622,0.0130941855079786,0.0488158232630462,2.7954e-06,6.422328e-07,4.35262727160618,1,1.97019677292199,1.97019677292199
K21307,0.00881366398607778,0.0373997893509094,2.7698e-06,6.02656e-07,4.59598842457389,1,2.08137287640961,2.08137287640961
K02840,0.00276479586824414,0.0185125234913965,2.2988e-07,1.10424e-06,4.80354967809292,-1,2.35520431972623,-2.35520431972623
K09682,0.00572607469159193,0.028960225009773,3.053e-06,5.39388e-07,5.66011850467567,1,2.1840275321937,2.1840275321937
K19505,0.00276479586824414,0.0185125234913965,4.0112e-08,1.107624e-06,27.6132828081372,-1,2.35520431972623,-2.35520431972623
K16384,0.00454717696097006,0.0251640515389661,1.8702e-09,1.09068988e-06,583.194246604641,-1,2.23887498490255,-2.23887498490255
K10126,0.00454717696097006,0.0251640515389661,1.41936e-07,1.0434e-06,7.35120054108894,-1,2.23887498490255,-2.23887498490255
K12306,0.00317737168968865,0.0209918687246015,2.53e-06,5.62076e-07,4.50117066019542,1,2.30813068934584,2.30813068934584
K14570,0.00572607469159193,0.028960225009773,1.1748e-07,9.72348e-07,8.27671092951992,-1,2.1840275321937,-2.1840275321937
K14680,0.00881366398607778,0.0373997893509094,1.7974e-07,9.378e-07,5.21753644152665,-1,2.08137287640961,-2.08137287640961
K01434,0.0104634973398284,0.0424850448649632,4.21142e-06,1.266406e-07,33.2548961391528,1,2.02873739525314,2.02873739525314
K08159,0.0107925280339073,0.0424850448649632,1.3698e-08,9.576288e-07,69.9101182654402,-1,2.02873739525314,-2.02873739525314
K16202,0.0071435588676968,0.0330294491078005,2.7004e-06,3.53044e-07,7.64890495235721,1,2.13172513692291,2.13172513692291
K21185,0.0113227222252236,0.0444512512966866,3.33232e-06,2.2596652e-07,14.7469633997107,1,2.00981047893379,2.00981047893379
K00613,0.0113318265399283,0.0444512512966866,2.4726e-06,3.88292e-07,6.36788808422527,1,2.00981047893379,2.00981047893379
K11406,0.00890243258160883,0.0373997893509094,2.385e-06,3.937e-07,6.05791211582423,1,2.08137287640961,2.08137287640961
K18992,0.000842069807587049,0.00898898015913279,3.932e-08,8.58116e-07,21.8239064089522,-1,2.61247296452743,-2.61247296452743
K09190,0.0071435588676968,0.0330294491078005,4.06792e-06,4.913376e-08,82.7927681496389,1,2.13172513692291,2.13172513692291
K00701,0.00539014958473646,0.028960225009773,4.842e-08,8.43164e-07,17.4135481206113,-1,2.1840275321937,-2.1840275321937
K17550,0.00755281009763692,0.0342329803381293,7.912e-08,8.30772e-07,10.5001516683519,-1,2.11731667840585,-2.11731667840585
K14375,5.61379871724699e-05,0.00203084366558185,1.97e-08,8.40084e-07,42.6438578680203,-1,3.08568423484935,-3.08568423484935
K07077,0.0104634973398284,0.0424850448649632,3.40058e-06,1.2631788e-07,26.9208127938816,1,2.02873739525314,2.02873739525314
K06224,0.000558544179757948,0.00884060159988415,2.182e-09,7.938408e-07,363.813382218148,-1,2.61815739989778,-2.61815739989778
K18136,0.0071435588676968,0.0330294491078005,1.8718e-06,4.16196e-07,4.49740026333747,1,2.13172513692291,2.13172513692291
K22251,0.0022033558894133,0.0164628670077815,2.1972e-06,3.182e-07,6.90509113764928,1,2.39848908776572,2.39848908776572
K23856,0.00016841396151741,0.00425885661908427,1.14538e-07,7.3056e-07,6.37831985891145,-1,2.85832372358346,-2.85832372358346
K23430,0.00881366398607778,0.0373997893509094,3.5046e-08,7.440964e-07,21.2319922387719,-1,2.08137287640961,-2.08137287640961
K18538,0.00265264619285221,0.0185125234913965,3.92e-08,7.22108e-07,18.4211224489796,-1,2.35520431972623,-2.35520431972623
K15739,0.00276479586824414,0.0185125234913965,4.7e-08,7.13616e-07,15.1833191489362,-1,2.35520431972623,-2.35520431972623
K16869,0.0071435588676968,0.0330294491078005,2.93346e-06,1.2396508e-07,23.6635994588153,1,2.13172513692291,2.13172513692291
K14492,2.8068993586235e-05,0.00203084366558185,1.4416e-08,7.0454e-07,48.8720865704773,-1,3.08568423484935,-3.08568423484935
K12158,5.61379871724699e-05,0.00203084366558185,2.7016e-06,1.27092e-07,21.2570421426998,1,3.08568423484935,3.08568423484935
K20755,0.0107925280339073,0.0424850448649632,1.3132e-09,6.6506424e-07,506.445507158087,-1,2.02873739525314,-2.02873739525314
K11707,0.000589448865310934,0.00884060159988415,1.861e-06,2.901812e-07,6.41323421365685,1,2.61815739989778,2.61815739989778
K11708,0.000589448865310934,0.00884060159988415,1.861e-06,2.901812e-07,6.41323421365685,1,2.61815739989778,2.61815739989778
K11709,0.000589448865310934,0.00884060159988415,1.861e-06,2.901812e-07,6.41323421365685,1,2.61815739989778,2.61815739989778
K09166,0.00158589813762228,0.0134991373065147,3.14926e-06,2.63016e-08,119.736441889467,1,2.47032228664212,2.47032228664212
K07734,0.000266655439069232,0.00580402674341777,3.01014e-06,2.562272e-08,117.479330843876,1,2.75865221762251,2.75865221762251
K00718,0.000266655439069232,0.00580402674341777,1.244e-08,6.11468e-07,49.1533762057878,-1,2.75865221762251,-2.75865221762251
K07104,0.0107925280339073,0.0424850448649632,2.43772e-06,1.2578208e-07,19.3805031686549,1,2.02873739525314,2.02873739525314
K11982,0.000842069807587049,0.00898898015913279,1.5856e-06,2.84508e-07,5.57312975382063,1,2.61247296452743,2.61247296452743
K05301,0.00210517451896762,0.0159397613286948,2.84195e-06,2.430068e-08,116.94940223895,1,2.41029190987612,2.41029190987612
K21209,5.61379871724699e-05,0.00203084366558185,2.88592e-06,2.24748e-09,1284.06926869205,1,3.08568423484935,3.08568423484935
K19293,0.0071435588676968,0.0330294491078005,2.34172e-08,5.45632e-07,23.3004799890679,-1,2.13172513692291,-2.13172513692291
K23167,0.00356476218545184,0.021847099385977,2.11322e-06,1.144756e-07,18.4600037038461,1,2.29301572952859,2.29301572952859
K00983,0.00881366398607778,0.0373997893509094,1.94136e-06,1.43504e-07,13.5282640205151,1,2.08137287640961,2.08137287640961
K06151,0.00572607469159193,0.028960225009773,1.7156e-08,5.00004e-07,29.1445558405223,-1,2.1840275321937,-2.1840275321937
K16845,0.00210517451896762,0.0159397613286948,1.07e-07,4.80988e-07,4.49521495327103,-1,2.41029190987612,-2.41029190987612
K13691,1.40344967931175e-05,0.00203084366558185,2.706e-08,4.9396e-07,18.2542498152254,-1,3.08568423484935,-3.08568423484935
K06917,0.0071435588676968,0.0330294491078005,5.394e-08,4.66168e-07,8.6423433444568,-1,2.13172513692291,-2.13172513692291
K16201,0.00276479586824414,0.0185125234913965,2.1417e-06,4.52328e-08,47.3483843582533,1,2.35520431972623,2.35520431972623
K16846,0.00158589813762228,0.0134991373065147,7.744e-08,4.29364e-07,5.54447314049587,-1,2.47032228664212,-2.47032228664212
K07374,0.00890243258160883,0.0373997893509094,1.0338e-07,4.1968e-07,4.05958599342233,-1,2.08137287640961,-2.08137287640961
K10595,0.00881366398607778,0.0373997893509094,3.348e-08,4.3364e-07,12.9522102747909,-1,2.08137287640961,-2.08137287640961
K19135,0.000407000407000407,0.00743061023434855,1.7818e-09,4.3901892e-07,246.390683578404,-1,2.67690318756324,-2.67690318756324
K18567,0.00151038925377674,0.0134991373065147,2.05804e-06,2.50008e-08,82.3189657930946,1,2.47032228664212,2.47032228664212
K15468,0.0071435588676968,0.0330294491078005,2.03889e-06,2.388984e-08,85.345485779729,1,2.13172513692291,2.13172513692291
K18459,0.000559339350916398,0.00884060159988415,1.0754e-06,2.09972e-07,5.12163526565447,1,2.61815739989778,2.61815739989778
K17225,5.61379871724699e-05,0.00203084366558185,2.082464e-06,1.82316e-09,1142.22778033744,1,3.08568423484935,3.08568423484935
K01083,0.00380304391858015,0.0229297725152664,9.75e-09,4.13938e-07,42.4551794871795,-1,2.27460272476658,-2.27460272476658
K10066,0.00572607469159193,0.028960225009773,1.705e-08,4.095276e-07,24.0192140762463,-1,2.1840275321937,-2.1840275321937
K12854,0.00572607469159193,0.028960225009773,2.9542e-08,3.949e-07,13.3674091124501,-1,2.1840275321937,-2.1840275321937
K11628,0.0071435588676968,0.0330294491078005,1.5346e-08,3.935324e-07,25.6439723706503,-1,2.13172513692291,-2.13172513692291
K01724,5.61379871724699e-05,0.00203084366558185,1.922486e-06,1.49924e-09,1282.30703556469,1,3.08568423484935,3.08568423484935
K09694,5.61379871724699e-05,0.00203084366558185,1.922486e-06,1.49924e-09,1282.30703556469,1,3.08568423484935,3.08568423484935
K14519,5.61379871724699e-05,0.00203084366558185,1.922486e-06,1.49924e-09,1282.30703556469,1,3.08568423484935,3.08568423484935
K19809,5.61379871724699e-05,0.00203084366558185,1.922486e-06,1.49924e-09,1282.30703556469,1,3.08568423484935,3.08568423484935
K21460,0.0071435588676968,0.0330294491078005,9.6028e-09,3.793088e-07,39.4998125546716,-1,2.13172513692291,-2.13172513692291
K22111,0.0130941855079786,0.0488158232630462,5.666e-08,3.59632e-07,6.34719378750441,-1,1.97019677292199,-1.97019677292199
K20268,0.00539014958473646,0.028960225009773,3.934e-08,3.60796e-07,9.17122521606507,-1,2.1840275321937,-2.1840275321937
K04039,0.000686420440563159,0.00898898015913279,1.2966e-06,9.57e-08,13.5485893416928,1,2.61247296452743,2.61247296452743
K21337,0.000589448865310934,0.00884060159988415,2.858e-08,3.427e-07,11.9909027291812,-1,2.61815739989778,-2.61815739989778
K00114,0.00587072952860737,0.0295198716451338,1.483e-08,3.378156e-07,22.7792043155765,-1,2.1764735195104,-2.1764735195104
K16844,0.0107925280339073,0.0424850448649632,4.346e-08,3.279128e-07,7.54516336861482,-1,2.02873739525314,-2.02873739525314
K12241,0.0107925280339073,0.0424850448649632,5.108e-08,3.22668e-07,6.31691464369616,-1,2.02873739525314,-2.02873739525314
K12242,0.0107925280339073,0.0424850448649632,6.564e-10,3.3214652e-07,506.012370505789,-1,2.02873739525314,-2.02873739525314
K24442,5.61379871724699e-05,0.00203084366558185,1.0862e-06,1.1386e-07,9.53978570173898,1,3.08568423484935,3.08568423484935
K12469,0.00454717696097006,0.0251640515389661,1.6314e-08,3.25832e-07,19.9725389236239,-1,2.23887498490255,-2.23887498490255
K21378,0.00494537748957242,0.0271752318590147,1.2514e-08,3.223388e-07,25.7582547546748,-1,2.20899150391221,-2.20899150391221
K01456,0.00356476218545184,0.021847099385977,1.05508e-06,1.042396e-07,10.1216812036884,1,2.29301572952859,2.29301572952859
K18981,0.00220586405901552,0.0164628670077815,1.10798e-06,8.4896e-08,13.0510271390878,1,2.39848908776572,2.39848908776572
K11915,0.00356476218545184,0.021847099385977,4.5596e-09,3.051068e-07,66.9152557241863,-1,2.29301572952859,-2.29301572952859
K13307,0.00881366398607778,0.0373997893509094,8.4888e-07,1.357648e-07,6.25257798781422,1,2.08137287640961,2.08137287640961
K11947,0.00572607469159193,0.028960225009773,1.08142e-06,8.52648e-08,12.6830767209915,1,2.1840275321937,2.1840275321937
K11151,0.00539014958473646,0.028960225009773,3.866e-08,2.8332e-07,7.32850491464045,-1,2.1840275321937,-2.1840275321937
K15013,0.00539014958473646,0.028960225009773,3.866e-08,2.8332e-07,7.32850491464045,-1,2.1840275321937,-2.1840275321937
K20486,0.0053850077105295,0.028960225009773,1.157e-06,5.87132e-08,19.7059604995129,1,2.1840275321937,2.1840275321937
K08356,0.00210517451896762,0.0159397613286948,1.0228e-06,8.1734e-08,12.5137641617931,1,2.41029190987612,2.41029190987612
K11532,0.000589448865310934,0.00884060159988415,7.254e-07,1.3378e-07,5.42233517715653,1,2.61815739989778,2.61815739989778
K15668,0.00276479586824414,0.0185125234913965,2.52842e-08,2.61068e-07,10.3253415176276,-1,2.35520431972623,-2.35520431972623
K11152,0.00587072952860737,0.0295198716451338,2.2182e-08,2.5348e-07,11.4272833829231,-1,2.1764735195104,-2.1764735195104
K00594,5.61379871724699e-05,0.00203084366558185,1.269558e-06,2.7478e-09,462.02707620642,1,3.08568423484935,3.08568423484935
K20611,5.61379871724699e-05,0.00203084366558185,1.269558e-06,2.7478e-09,462.02707620642,1,3.08568423484935,3.08568423484935
K21737,5.61379871724699e-05,0.00203084366558185,1.269558e-06,2.7478e-09,462.02707620642,1,3.08568423484935,3.08568423484935
K23155,5.61379871724699e-05,0.00203084366558185,1.269558e-06,2.7478e-09,462.02707620642,1,3.08568423484935,3.08568423484935
K13126,0.00116486323382875,0.0113211956581317,1.5766e-08,2.49188e-07,15.8054040339972,-1,2.53262512332187,-2.53262512332187
K20977,9.82414775518224e-05,0.00304626549837278,2.12e-08,2.46024e-07,11.6049056603774,-1,2.9630303315764,-2.9630303315764
K19821,0.00276479586824414,0.0185125234913965,1.02566e-06,4.43508e-08,23.1260766434878,1,2.35520431972623,2.35520431972623
K13796,0.00572607469159193,0.028960225009773,5.479e-07,1.253276e-07,4.37174253715861,1,2.1840275321937,2.1840275321937
K02803,0.00890243258160883,0.0373997893509094,7.9462e-07,7.350868e-08,10.8098798672483,1,2.08137287640961,2.08137287640961
K05603,0.00572607469159193,0.028960225009773,9.65216e-07,3.485428e-08,27.6928974002619,1,2.1840275321937,2.1840275321937
K09012,0.00572607469159193,0.028960225009773,9.65216e-07,3.485428e-08,27.6928974002619,1,2.1840275321937,2.1840275321937
K18568,0.00572607469159193,0.028960225009773,9.65216e-07,3.485428e-08,27.6928974002619,1,2.1840275321937,2.1840275321937
K05953,0.00116486323382875,0.0113211956581317,8.7574e-07,5.1648e-08,16.9559324659232,1,2.53262512332187,2.53262512332187
K00481,0.000839923716331821,0.00898898015913279,1.11923e-06,1.07336e-09,1042.73496310651,1,2.61247296452743,2.61247296452743
K07401,0.000839923716331821,0.00898898015913279,1.11923e-06,1.07336e-09,1042.73496310651,1,2.61247296452743,2.61247296452743
K09932,0.000839923716331821,0.00898898015913279,1.11923e-06,1.07336e-09,1042.73496310651,1,2.61247296452743,2.61247296452743
K12445,0.000839923716331821,0.00898898015913279,1.11923e-06,1.07336e-09,1042.73496310651,1,2.61247296452743,2.61247296452743
K21062,0.000839923716331821,0.00898898015913279,1.11923e-06,1.07336e-09,1042.73496310651,1,2.61247296452743,2.61247296452743
K21148,0.000839923716331821,0.00898898015913279,1.11923e-06,1.07336e-09,1042.73496310651,1,2.61247296452743,2.61247296452743
K23462,0.000839923716331821,0.00898898015913279,1.11923e-06,1.07336e-09,1042.73496310651,1,2.61247296452743,2.61247296452743
K03225,0.0122345843157003,0.0476515973081224,6.7006e-07,8.42266e-08,7.95544400462562,1,1.98046237314405,1.98046237314405
K16531,0.0122345843157003,0.0476515973081224,6.7006e-07,8.42266e-08,7.95544400462562,1,1.98046237314405,1.98046237314405
K13580,0.00116486323382875,0.0113211956581317,4.768e-07,1.088764e-07,4.37927778655429,1,2.53262512332187,2.53262512332187
K23231,0.00158589813762228,0.0134991373065147,8.7996e-07,2.7778e-08,31.6783065735474,1,2.47032228664212,2.47032228664212
K09153,0.00572607469159193,0.028960225009773,6.3888e-07,7.372772e-08,8.66539749228648,1,2.1840275321937,2.1840275321937
K05618,0.0107925280339073,0.0424850448649632,1.03004e-08,1.965892e-07,19.0855889091686,-1,2.02873739525314,-2.02873739525314
K06979,0.00158589813762228,0.0134991373065147,7.8756e-07,4.113028e-08,19.1479367512208,1,2.47032228664212,2.47032228664212
K08800,0.0122635477587195,0.0476515973081224,8.8686e-09,1.940012e-07,21.875064835487,-1,1.98046237314405,-1.98046237314405
K12354,0.00124666906437811,0.0119527264650927,3.33416e-08,1.87304e-07,5.61772680375267,-1,2.51353692482595,-2.51353692482595
K00141,0.000839923716331821,0.00898898015913279,9.61234e-07,7.48968e-10,1283.41130729217,1,2.61247296452743,2.61247296452743
K00252,0.000839923716331821,0.00898898015913279,9.61234e-07,7.48968e-10,1283.41130729217,1,2.61247296452743,2.61247296452743
K00273,0.000839923716331821,0.00898898015913279,9.61234e-07,7.48968e-10,1283.41130729217,1,2.61247296452743,2.61247296452743
K00448,0.000839923716331821,0.00898898015913279,9.61234e-07,7.48968e-10,1283.41130729217,1,2.61247296452743,2.61247296452743
K00453,0.000839923716331821,0.00898898015913279,9.61234e-07,7.48968e-10,1283.41130729217,1,2.61247296452743,2.61247296452743
K00505,0.000839923716331821,0.00898898015913279,9.61234e-07,7.48968e-10,1283.41130729217,1,2.61247296452743,2.61247296452743
K00507,0.000839923716331821,0.00898898015913279,9.61234e-07,7.48968e-10,1283.41130729217,1,2.61247296452743,2.61247296452743
K01031,0.000839923716331821,0.00898898015913279,9.61234e-07,7.48968e-10,1283.41130729217,1,2.61247296452743,2.61247296452743
K01032,0.000839923716331821,0.00898898015913279,9.61234e-07,7.48968e-10,1283.41130729217,1,2.61247296452743,2.61247296452743
K01576,0.000839923716331821,0.00898898015913279,9.61234e-07,7.48968e-10,1283.41130729217,1,2.61247296452743,2.61247296452743
K04090,0.000839923716331821,0.00898898015913279,9.61234e-07,7.48968e-10,1283.41130729217,1,2.61247296452743,2.61247296452743
K07809,0.000839923716331821,0.00898898015913279,9.61234e-07,7.48968e-10,1283.41130729217,1,2.61247296452743,2.61247296452743
K09695,0.000839923716331821,0.00898898015913279,9.61234e-07,7.48968e-10,1283.41130729217,1,2.61247296452743,2.61247296452743
K10860,0.000839923716331821,0.00898898015913279,9.61234e-07,7.48968e-10,1283.41130729217,1,2.61247296452743,2.61247296452743
K11173,0.000839923716331821,0.00898898015913279,9.61234e-07,7.48968e-10,1283.41130729217,1,2.61247296452743,2.61247296452743
K13063,0.000839923716331821,0.00898898015913279,9.61234e-07,7.48968e-10,1283.41130729217,1,2.61247296452743,2.61247296452743
K14338,0.000839923716331821,0.00898898015913279,9.61234e-07,7.48968e-10,1283.41130729217,1,2.61247296452743,2.61247296452743
K14447,0.000839923716331821,0.00898898015913279,9.61234e-07,7.48968e-10,1283.41130729217,1,2.61247296452743,2.61247296452743
K14607,0.000839923716331821,0.00898898015913279,9.61234e-07,7.48968e-10,1283.41130729217,1,2.61247296452743,2.61247296452743
K16446,0.000839923716331821,0.00898898015913279,9.61234e-07,7.48968e-10,1283.41130729217,1,2.61247296452743,2.61247296452743
K16593,0.000839923716331821,0.00898898015913279,9.61234e-07,7.48968e-10,1283.41130729217,1,2.61247296452743,2.61247296452743
K17829,0.000839923716331821,0.00898898015913279,9.61234e-07,7.48968e-10,1283.41130729217,1,2.61247296452743,2.61247296452743
K18286,0.000839923716331821,0.00898898015913279,9.61234e-07,7.48968e-10,1283.41130729217,1,2.61247296452743,2.61247296452743
K18352,0.000839923716331821,0.00898898015913279,9.61234e-07,7.48968e-10,1283.41130729217,1,2.61247296452743,2.61247296452743
K18354,0.000839923716331821,0.00898898015913279,9.61234e-07,7.48968e-10,1283.41130729217,1,2.61247296452743,2.61247296452743
K18547,0.000839923716331821,0.00898898015913279,9.61234e-07,7.48968e-10,1283.41130729217,1,2.61247296452743,2.61247296452743
K19743,0.000839923716331821,0.00898898015913279,9.61234e-07,7.48968e-10,1283.41130729217,1,2.61247296452743,2.61247296452743
K19794,0.000839923716331821,0.00898898015913279,9.61234e-07,7.48968e-10,1283.41130729217,1,2.61247296452743,2.61247296452743
K20420,0.000839923716331821,0.00898898015913279,9.61234e-07,7.48968e-10,1283.41130729217,1,2.61247296452743,2.61247296452743
K20798,0.000839923716331821,0.00898898015913279,9.61234e-07,7.48968e-10,1283.41130729217,1,2.61247296452743,2.61247296452743
K21172,0.000839923716331821,0.00898898015913279,9.61234e-07,7.48968e-10,1283.41130729217,1,2.61247296452743,2.61247296452743
K22589,0.000839923716331821,0.00898898015913279,9.61234e-07,7.48968e-10,1283.41130729217,1,2.61247296452743,2.61247296452743
K22886,0.000839923716331821,0.00898898015913279,9.61234e-07,7.48968e-10,1283.41130729217,1,2.61247296452743,2.61247296452743
K23176,0.000839923716331821,0.00898898015913279,9.61234e-07,7.48968e-10,1283.41130729217,1,2.61247296452743,2.61247296452743
K23205,0.000839923716331821,0.00898898015913279,9.61234e-07,7.48968e-10,1283.41130729217,1,2.61247296452743,2.61247296452743
K23825,0.000839923716331821,0.00898898015913279,9.61234e-07,7.48968e-10,1283.41130729217,1,2.61247296452743,2.61247296452743
K24241,0.000839923716331821,0.00898898015913279,9.61234e-07,7.48968e-10,1283.41130729217,1,2.61247296452743,2.61247296452743
K17756,2.8068993586235e-05,0.00203084366558185,6.686e-07,4.41384e-08,15.1478078045421,1,3.08568423484935,3.08568423484935
K11040,0.00881366398607778,0.0373997893509094,7.8872e-09,1.741728e-07,22.0829698752409,-1,2.08137287640961,-2.08137287640961
K11778,0.006949372609511,0.0330294491078005,4.51e-09,1.664572e-07,36.9084700665189,-1,2.13172513692291,-2.13172513692291
K18144,0.00182904898516833,0.01531853030022,1.312e-08,1.3856e-07,10.5609756097561,-1,2.42475951689163,-2.42475951689163
K13811,0.00264973071236806,0.0185125234913965,5.491e-07,3.05352e-08,17.9825250858026,1,2.35520431972623,2.35520431972623
K20625,0.00265264619285221,0.0185125234913965,3.9792e-07,5.79632e-08,6.86504540812101,1,2.35520431972623,2.35520431972623
K24189,0.00102476947964371,0.0108650593133459,3.7878e-07,5.8248e-08,6.50288421920066,1,2.54700912162549,2.54700912162549
K19050,0.0071435588676968,0.0330294491078005,9.2082e-09,1.315372e-07,14.2847896440129,-1,2.13172513692291,-2.13172513692291
K16842,0.000559339350916398,0.00884060159988415,6.11794e-07,1.7502e-09,349.556622100331,1,2.61815739989778,2.61815739989778
K01049,9.82414775518224e-05,0.00304626549837278,1.4376e-08,1.18644e-07,8.25292153589316,-1,2.9630303315764,-2.9630303315764
K24006,9.82414775518224e-05,0.00304626549837278,1.4376e-08,1.18644e-07,8.25292153589316,-1,2.9630303315764,-2.9630303315764
K11891,0.00454717696097006,0.0251640515389661,2.92e-10,1.20046428e-07,411.117904109589,-1,2.23887498490255,-2.23887498490255
K11894,0.00454717696097006,0.0251640515389661,2.92e-10,1.20046428e-07,411.117904109589,-1,2.23887498490255,-2.23887498490255
K11906,0.00454717696097006,0.0251640515389661,2.92e-10,1.20046428e-07,411.117904109589,-1,2.23887498490255,-2.23887498490255
K14429,0.00219834488361273,0.0164628670077815,3.656e-09,1.181472e-07,32.3159737417943,-1,2.39848908776572,-2.39848908776572
K15970,0.00881366398607778,0.0373997893509094,7.9492e-09,1.1324456e-07,14.2460323051376,-1,2.08137287640961,-2.08137287640961
K18164,0.00755281009763692,0.0342329803381293,2.4604e-07,5.40504e-08,4.55204771842577,1,2.11731667840585,2.11731667840585
K20712,0.00755281009763692,0.0342329803381293,2.4604e-07,5.40504e-08,4.55204771842577,1,2.11731667840585,2.11731667840585
K11251,0.00380304391858015,0.0229297725152664,3.4566e-07,3.12528e-08,11.0601290124405,1,2.27460272476658,2.27460272476658
K14152,0.00276479586824414,0.0185125234913965,1.6102e-09,9.716008e-08,60.3403800770091,-1,2.35520431972623,-2.35520431972623
K07546,0.000839923716331821,0.00898898015913279,4.76078e-07,9.75528e-10,488.020846146907,1,2.61247296452743,2.61247296452743
K14520,0.000839923716331821,0.00898898015913279,4.76078e-07,9.75528e-10,488.020846146907,1,2.61247296452743,2.61247296452743
K18091,0.000839923716331821,0.00898898015913279,4.76078e-07,9.75528e-10,488.020846146907,1,2.61247296452743,2.61247296452743
K15620,0.0130941855079786,0.0488158232630462,3.08362e-07,1.7328e-08,17.7955909510619,1,1.97019677292199,1.97019677292199
K13547,0.00124354129870022,0.0119527264650927,5.6e-09,7.27672e-08,12.9941428571429,-1,2.51353692482595,-2.51353692482595
K19813,0.00124354129870022,0.0119527264650927,5.6e-09,7.27672e-08,12.9941428571429,-1,2.51353692482595,-2.51353692482595
K09841,2.8068993586235e-05,0.00203084366558185,2.7644e-07,1.43048e-08,19.3249818242828,1,3.08568423484935,3.08568423484935
K14651,2.8068993586235e-05,0.00203084366558185,2.7644e-07,1.43048e-08,19.3249818242828,1,3.08568423484935,3.08568423484935
K20926,2.8068993586235e-05,0.00203084366558185,2.7644e-07,1.43048e-08,19.3249818242828,1,3.08568423484935,3.08568423484935
K13703,0.00453406382248189,0.0251640515389661,2.0398e-07,2.76624e-08,7.37390826537105,1,2.23887498490255,2.23887498490255
K02128,0.00572607469159193,0.028960225009773,3.02112e-07,7.2392e-09,41.7327881533871,1,2.1840275321937,2.1840275321937
K05973,0.00572607469159193,0.028960225009773,3.02112e-07,7.2392e-09,41.7327881533871,1,2.1840275321937,2.1840275321937
K22071,0.00572607469159193,0.028960225009773,3.02112e-07,7.2392e-09,41.7327881533871,1,2.1840275321937,2.1840275321937
K20325,5.61379871724699e-05,0.00203084366558185,3.2588e-07,1.636652e-09,199.11380061247,1,3.08568423484935,3.08568423484935
K11916,0.000686420440563159,0.00898898015913279,2.837e-07,8.97356e-09,31.6151003615065,1,2.61247296452743,2.61247296452743
K08353,0.00539014958473646,0.028960225009773,2.037e-07,2.41552e-08,8.43296681459893,1,2.1840275321937,2.1840275321937
K06118,0.00539014958473646,0.028960225009773,2.037e-07,2.41552e-08,8.43296681459893,1,2.1840275321937,2.1840275321937
K15657,0.00452957863197201,0.0251640515389661,4.924e-09,6.32204e-08,12.8392363931763,-1,2.23887498490255,-2.23887498490255
K00372,0.000839923716331821,0.00898898015913279,3.18112e-07,6.50096e-10,489.330806527036,1,2.61247296452743,2.61247296452743
K07044,0.000839923716331821,0.00898898015913279,3.18112e-07,6.50096e-10,489.330806527036,1,2.61247296452743,2.61247296452743
K18058,0.000839923716331821,0.00898898015913279,3.18112e-07,6.50096e-10,489.330806527036,1,2.61247296452743,2.61247296452743
K19541,0.000839923716331821,0.00898898015913279,3.18112e-07,6.50096e-10,489.330806527036,1,2.61247296452743,2.61247296452743
K21119,0.000839923716331821,0.00898898015913279,3.18112e-07,6.50096e-10,489.330806527036,1,2.61247296452743,2.61247296452743
K22419,0.000839923716331821,0.00898898015913279,3.18112e-07,6.50096e-10,489.330806527036,1,2.61247296452743,2.61247296452743
K23463,0.000839923716331821,0.00898898015913279,3.18112e-07,6.50096e-10,489.330806527036,1,2.61247296452743,2.61247296452743
K09966,0.00016841396151741,0.00425885661908427,3.08344e-07,2.00068e-09,154.119599336226,1,2.85832372358346,2.85832372358346
K10552,0.00016841396151741,0.00425885661908427,3.08344e-07,2.00068e-09,154.119599336226,1,2.85832372358346,2.85832372358346
K10553,0.00016841396151741,0.00425885661908427,3.08344e-07,2.00068e-09,154.119599336226,1,2.85832372358346,2.85832372358346
K10554,0.00016841396151741,0.00425885661908427,3.08344e-07,2.00068e-09,154.119599336226,1,2.85832372358346,2.85832372358346
K11355,0.00016841396151741,0.00425885661908427,3.08344e-07,2.00068e-09,154.119599336226,1,2.85832372358346,2.85832372358346
K13181,0.00016841396151741,0.00425885661908427,3.08344e-07,2.00068e-09,154.119599336226,1,2.85832372358346,2.85832372358346
K19243,0.00016841396151741,0.00425885661908427,3.08344e-07,2.00068e-09,154.119599336226,1,2.85832372358346,2.85832372358346
K21886,0.00016841396151741,0.00425885661908427,3.08344e-07,2.00068e-09,154.119599336226,1,2.85832372358346,2.85832372358346
K22348,0.00016841396151741,0.00425885661908427,3.08344e-07,2.00068e-09,154.119599336226,1,2.85832372358346,2.85832372358346
K14835,0.00820281296564281,0.0370073790493839,2.4088e-07,1.2374e-08,19.4666235655407,1,2.08568265028747,2.08568265028747
K08257,0.00415398605378818,0.0249302972536873,3.3252e-10,6.009756e-08,180.733670155179,-1,2.24248107247626,-2.24248107247626
K00079,0.000842069807587049,0.00898898015913279,2.4412e-07,1.003348e-08,24.3305413475683,1,2.61247296452743,2.61247296452743
K01608,0.000842069807587049,0.00898898015913279,2.4412e-07,1.003348e-08,24.3305413475683,1,2.61247296452743,2.61247296452743
K13600,2.8068993586235e-05,0.00203084366558185,2.2332e-07,1.13608e-08,19.6570664037744,1,3.08568423484935,3.08568423484935
K16018,0.00356476218545184,0.021847099385977,1.7152e-07,2.12396e-08,8.07548164748865,1,2.29301572952859,2.29301572952859
K06121,0.000407000407000407,0.00743061023434855,2.2504e-07,9.5184e-09,23.6426290132795,1,2.67690318756324,2.67690318756324
K18613,0.000407000407000407,0.00743061023434855,2.13398e-07,6.31648e-09,33.7843229140281,1,2.67690318756324,2.67690318756324
K07376,9.82414775518224e-05,0.00304626549837278,1.117e-09,4.66332e-08,41.748612354521,-1,2.9630303315764,-2.9630303315764
K01769,9.82414775518224e-05,0.00304626549837278,1.117e-09,4.66332e-08,41.748612354521,-1,2.9630303315764,-2.9630303315764
K08954,0.00220586405901552,0.0164628670077815,2.07224e-07,4.3448e-09,47.6947155220033,1,2.39848908776572,2.39848908776572
K20329,0.00116486323382875,0.0113211956581317,1.76638e-07,6.3092e-09,27.9968934254739,1,2.53262512332187,2.53262512332187
K11517,0.0130941855079786,0.0488158232630462,1.54202e-07,1.06212e-08,14.5183218468723,1,1.97019677292199,1.97019677292199
K15173,2.8068993586235e-05,0.00203084366558185,1.76e-07,5.79276e-09,30.3827536442041,1,3.08568423484935,3.08568423484935
K21801,0.000559339350916398,0.00884060159988415,1.6094e-07,6.4972e-09,24.7706704426522,1,2.61815739989778,2.61815739989778
K19562,0.000589448865310934,0.00884060159988415,1.61974e-07,4.34512e-09,37.2772213425636,1,2.61815739989778,2.61815739989778
K05926,5.61379871724699e-05,0.00203084366558185,1.6782e-07,1.312344e-09,127.878056363271,1,3.08568423484935,3.08568423484935
K08155,5.61379871724699e-05,0.00203084366558185,1.6782e-07,1.312344e-09,127.878056363271,1,3.08568423484935,3.08568423484935
K09956,5.61379871724699e-05,0.00203084366558185,1.6782e-07,1.312344e-09,127.878056363271,1,3.08568423484935,3.08568423484935
K14252,5.61379871724699e-05,0.00203084366558185,1.6782e-07,1.312344e-09,127.878056363271,1,3.08568423484935,3.08568423484935
K21702,5.61379871724699e-05,0.00203084366558185,1.6782e-07,1.312344e-09,127.878056363271,1,3.08568423484935,3.08568423484935
K22250,5.61379871724699e-05,0.00203084366558185,1.6782e-07,1.312344e-09,127.878056363271,1,3.08568423484935,3.08568423484935
K22463,5.61379871724699e-05,0.00203084366558185,1.6782e-07,1.312344e-09,127.878056363271,1,3.08568423484935,3.08568423484935
K22745,5.61379871724699e-05,0.00203084366558185,1.6782e-07,1.312344e-09,127.878056363271,1,3.08568423484935,3.08568423484935
K19465,0.000559339350916398,0.00884060159988415,1.5041e-07,2.14404e-09,70.1526090931139,1,2.61815739989778,2.61815739989778
K00109,5.61379871724699e-05,0.00203084366558185,1.588158e-07,3.249756e-10,488.700690144122,1,3.08568423484935,3.08568423484935
K00464,5.61379871724699e-05,0.00203084366558185,1.588158e-07,3.249756e-10,488.700690144122,1,3.08568423484935,3.08568423484935
K00490,5.61379871724699e-05,0.00203084366558185,1.588158e-07,3.249756e-10,488.700690144122,1,3.08568423484935,3.08568423484935
K00499,5.61379871724699e-05,0.00203084366558185,1.588158e-07,3.249756e-10,488.700690144122,1,3.08568423484935,3.08568423484935
K02164,5.61379871724699e-05,0.00203084366558185,1.588158e-07,3.249756e-10,488.700690144122,1,3.08568423484935,3.08568423484935
K02229,5.61379871724699e-05,0.00203084366558185,1.588158e-07,3.249756e-10,488.700690144122,1,3.08568423484935,3.08568423484935
K03400,5.61379871724699e-05,0.00203084366558185,1.588158e-07,3.249756e-10,488.700690144122,1,3.08568423484935,3.08568423484935
K03867,5.61379871724699e-05,0.00203084366558185,1.588158e-07,3.249756e-10,488.700690144122,1,3.08568423484935,3.08568423484935
K04116,5.61379871724699e-05,0.00203084366558185,1.588158e-07,3.249756e-10,488.700690144122,1,3.08568423484935,3.08568423484935
K04792,5.61379871724699e-05,0.00203084366558185,1.588158e-07,3.249756e-10,488.700690144122,1,3.08568423484935,3.08568423484935
K05549,5.61379871724699e-05,0.00203084366558185,1.588158e-07,3.249756e-10,488.700690144122,1,3.08568423484935,3.08568423484935
K10619,5.61379871724699e-05,0.00203084366558185,1.588158e-07,3.249756e-10,488.700690144122,1,3.08568423484935,3.08568423484935
K10621,5.61379871724699e-05,0.00203084366558185,1.588158e-07,3.249756e-10,488.700690144122,1,3.08568423484935,3.08568423484935
K11385,5.61379871724699e-05,0.00203084366558185,1.588158e-07,3.249756e-10,488.700690144122,1,3.08568423484935,3.08568423484935
K11387,5.61379871724699e-05,0.00203084366558185,1.588158e-07,3.249756e-10,488.700690144122,1,3.08568423484935,3.08568423484935
K11429,5.61379871724699e-05,0.00203084366558185,1.588158e-07,3.249756e-10,488.700690144122,1,3.08568423484935,3.08568423484935
K11987,5.61379871724699e-05,0.00203084366558185,1.588158e-07,3.249756e-10,488.700690144122,1,3.08568423484935,3.08568423484935
K12954,5.61379871724699e-05,0.00203084366558185,1.588158e-07,3.249756e-10,488.700690144122,1,3.08568423484935,3.08568423484935
K13540,5.61379871724699e-05,0.00203084366558185,1.588158e-07,3.249756e-10,488.700690144122,1,3.08568423484935,3.08568423484935
K16118,5.61379871724699e-05,0.00203084366558185,1.588158e-07,3.249756e-10,488.700690144122,1,3.08568423484935,3.08568423484935
K16233,5.61379871724699e-05,0.00203084366558185,1.588158e-07,3.249756e-10,488.700690144122,1,3.08568423484935,3.08568423484935
K16303,5.61379871724699e-05,0.00203084366558185,1.588158e-07,3.249756e-10,488.700690144122,1,3.08568423484935,3.08568423484935
K16428,5.61379871724699e-05,0.00203084366558185,1.588158e-07,3.249756e-10,488.700690144122,1,3.08568423484935,3.08568423484935
K16839,5.61379871724699e-05,0.00203084366558185,1.588158e-07,3.249756e-10,488.700690144122,1,3.08568423484935,3.08568423484935
K17747,5.61379871724699e-05,0.00203084366558185,1.588158e-07,3.249756e-10,488.700690144122,1,3.08568423484935,3.08568423484935
K17755,5.61379871724699e-05,0.00203084366558185,1.588158e-07,3.249756e-10,488.700690144122,1,3.08568423484935,3.08568423484935
K17760,5.61379871724699e-05,0.00203084366558185,1.588158e-07,3.249756e-10,488.700690144122,1,3.08568423484935,3.08568423484935
K17835,5.61379871724699e-05,0.00203084366558185,1.588158e-07,3.249756e-10,488.700690144122,1,3.08568423484935,3.08568423484935
K17840,5.61379871724699e-05,0.00203084366558185,1.588158e-07,3.249756e-10,488.700690144122,1,3.08568423484935,3.08568423484935
K18215,5.61379871724699e-05,0.00203084366558185,1.588158e-07,3.249756e-10,488.700690144122,1,3.08568423484935,3.08568423484935
K18287,5.61379871724699e-05,0.00203084366558185,1.588158e-07,3.249756e-10,488.700690144122,1,3.08568423484935,3.08568423484935
K18370,5.61379871724699e-05,0.00203084366558185,1.588158e-07,3.249756e-10,488.700690144122,1,3.08568423484935,3.08568423484935
K18913,5.61379871724699e-05,0.00203084366558185,1.588158e-07,3.249756e-10,488.700690144122,1,3.08568423484935,3.08568423484935
K19413,5.61379871724699e-05,0.00203084366558185,1.588158e-07,3.249756e-10,488.700690144122,1,3.08568423484935,3.08568423484935
K19703,5.61379871724699e-05,0.00203084366558185,1.588158e-07,3.249756e-10,488.700690144122,1,3.08568423484935,3.08568423484935
K19837,5.61379871724699e-05,0.00203084366558185,1.588158e-07,3.249756e-10,488.700690144122,1,3.08568423484935,3.08568423484935
K20078,5.61379871724699e-05,0.00203084366558185,1.588158e-07,3.249756e-10,488.700690144122,1,3.08568423484935,3.08568423484935
K20497,5.61379871724699e-05,0.00203084366558185,1.588158e-07,3.249756e-10,488.700690144122,1,3.08568423484935,3.08568423484935
K21014,5.61379871724699e-05,0.00203084366558185,1.588158e-07,3.249756e-10,488.700690144122,1,3.08568423484935,3.08568423484935
K21036,5.61379871724699e-05,0.00203084366558185,1.588158e-07,3.249756e-10,488.700690144122,1,3.08568423484935,3.08568423484935
K22027,5.61379871724699e-05,0.00203084366558185,1.588158e-07,3.249756e-10,488.700690144122,1,3.08568423484935,3.08568423484935
K22219,5.61379871724699e-05,0.00203084366558185,1.588158e-07,3.249756e-10,488.700690144122,1,3.08568423484935,3.08568423484935
K22315,5.61379871724699e-05,0.00203084366558185,1.588158e-07,3.249756e-10,488.700690144122,1,3.08568423484935,3.08568423484935
K22902,5.61379871724699e-05,0.00203084366558185,1.588158e-07,3.249756e-10,488.700690144122,1,3.08568423484935,3.08568423484935
K23117,5.61379871724699e-05,0.00203084366558185,1.588158e-07,3.249756e-10,488.700690144122,1,3.08568423484935,3.08568423484935
K23788,5.61379871724699e-05,0.00203084366558185,1.588158e-07,3.249756e-10,488.700690144122,1,3.08568423484935,3.08568423484935
K24160,5.61379871724699e-05,0.00203084366558185,1.588158e-07,3.249756e-10,488.700690144122,1,3.08568423484935,3.08568423484935
K05661,0.000266655439069232,0.00580402674341777,1.31506e-07,4.48476e-09,29.3228623159322,1,2.75865221762251,2.75865221762251
K12476,0.0107925280339073,0.0424850448649632,5.3402e-10,3.066044e-08,57.4144039549081,-1,2.02873739525314,-2.02873739525314
K14255,0.00965487349422673,0.0403871421219956,1.1544e-10,2.3365816e-08,202.406583506584,-1,2.04976731958121,-2.04976731958121
